ID,SMILES,IC50_mean,Type
CHEMBL3890451,Cc1csc(C(=O)NCCCCCC(=O)Nc2ccccc2N)n1,0.129,1
CHEMBL3953948,Nc1ccccc1NC(=O)CCCCCNC(=O)c1ccc[nH]1,0.46,1
CHEMBL3233703,O=C(/C=C/c1ccc(OC[C@H](Cc2c[nH]c3ccccc23)NC(=O)c2ccc(F)cc2)cc1)NO,0.0055,1
CHEMBL3899528,Nc1ccccc1NC(=O)CCCCCNC(=O)c1ccccc1OC(F)F,0.214,1
CHEMBL178456,O=C(CS)NCCCCCC(=O)Nc1cccc2cccnc12,1.32,0
CHEMBL3601778,Cc1ccc(Nc2nccc3ccc(NCc4ccc(/C=C/C(=O)NO)cc4)cc23)cc1,0.17648,1
CHEMBL463788,Nc1ccc(-c2ccccc2)cc1NC(=O)c1ccc(CNc2ccncc2)cc1,6.39,0
CHEMBL3664022,Nc1ccc(F)cc1NC(=O)c1cnc2c(C3CC3)c(N3CCNCC3)ccc2c1,0.059000000000000004,1
CHEMBL1796689,CC(C)[C@H]1NC(=O)[C@]2(C)CSC(=N2)c2csc(n2)CNC(=O)C[C@@H](/C=C/CCS)OC1=O,0.0016,1
CHEMBL3287265,CC(C)(O)Cc1sc(-c2nccs2)nc1C(=O)NCCCCC(=O)NO,2.3965,0
CHEMBL3968861,O=C(CCCCNC(=O)c1nc(-c2nc(-c3ccccc3)cs2)sc1C1CC1)NO,0.106,1
CHEMBL3655983,O=C(NO)c1cnc(NCc2cccnc2)nc1,0.174,1
CHEMBL4069885,CC(C)[C@@H]1N=C(c2ccccc2)c2ccccc2N(CCCCC(=O)NO)C1=O,0.6,1
CHEMBL3287254,CCCCc1sc(-c2nccs2)nc1C(=O)NCCCCC(=O)NO,0.18899999999999997,1
CHEMBL3975513,COCCn1c(C(=O)NCCCCCC(=O)Nc2ccccc2N)cc2ccccc21,0.14300000000000002,1
CHEMBL3664030,Nc1cc(F)ccc1NC(=O)c1cnc2cc(N3CCNCC3)ccc2c1,0.47,1
CHEMBL3655970,Cc1ccc(C2(Nc3ncc(C(=O)NO)cn3)CC2)cc1,0.157,1
CHEMBL455455,O=C(NCc1ccccc1)c1ccc(C(=O)C(F)(F)F)s1,0.52,1
CHEMBL483495,O=C(CCCCCCC(=O)Nc1ccc(-c2cn(CC(O)c3cccc(Br)c3)nn2)cc1)NO,0.0253,1
CHEMBL3655962,CC(Nc1ncc(C(=O)NO)cn1)c1ccncc1,0.135,1
CHEMBL3906734,O=C(CCCCNC(=O)c1nc(-c2nc(C3CC3)cs2)sc1C1CC1)NO,0.052000000000000005,1
CHEMBL1767046,CNC(=O)/C(CCCCC[C@H](NCc1ccc(OC)cc1)C(=O)Nc1ccccc1)=N\O,10.6,0
CHEMBL4068011,O=C(CCCCN1C(=O)[C@H](CC(=O)NO)N=C(c2ccccc2)c2ccccc21)NO,10.39,0
CHEMBL3656019,O=C(NO)c1cnc(NC2(c3ccc(F)cc3)CCOCC2)nc1,1.777,0
CHEMBL3977389,Nc1ccccc1NC(=O)CCCCCNC(=O)c1ccc2c(c1)OCCO2,0.585,1
CHEMBL2046621,COc1ccc(/C=C/C(=O)Nc2ccc(C(C)N3CCc4nc(C(=O)NO)sc4C3)cn2)cc1,5.7,0
CHEMBL3601774,CC(C)CCn1ccc2ccc(NC(=O)CCCCCCC(=O)NO)cc2c1=O,0.06919,1
CHEMBL1668018,O=C(CCC1=CCN(CCCc2ccc3ccccc3c2)C1=O)NO,80.1,0
CHEMBL513061,Nc1ccc(-c2ccccc2)cc1NC(=O)c1ccc(CN2CCC3(CCNC3)CC2)cc1,6.928,0
CHEMBL3898697,Nc1ccccc1NC(=O)CCCCCNC(=O)c1cnc2ccccc2c1,0.424,1
CHEMBL511432,Nc1cccc(-c2csc(NC(=O)CCCCc3cc(C(=O)NO)no3)n2)c1,0.025,1
CHEMBL3827055,Nc1ccc(-c2ccc(F)cc2)cc1NC(=O)[C@@H]1C[C@@H]2CC[C@H](C1)O2,13.7,0
CHEMBL3983272,CN1CCN(CCn2ncc3cc(C(=O)Nc4cc(-c5ccccc5)ccc4N)ccc32)CC1,0.175,1
CHEMBL3353927,O=C1CC[C@H](C(=O)N[C@@H](CCCCCS)C(=O)Nc2cccc(C(F)(F)F)c2)N1,0.011000000000000001,1
CHEMBL2046610,O=C(Nc1ccc(C(=O)N2CCc3nc(C(=O)NO)sc3C2)cc1)c1ccc(-c2ccccc2)s1,2.66,0
CHEMBL3758492,O=C(CCCCCC(=O)N/N=C/c1ccc(-c2cncnc2)cc1)NO,0.0024,1
CHEMBL3977782,COc1ccc(C(=O)NCC/C=C/CC(=O)Nc2ccccc2N)cc1,1.983,0
CHEMBL467792,CC(C)(C)OC(=O)Nc1ccc(-c2cc(C(=O)NCCCCC(=O)NO)no2)cc1,0.115,1
CHEMBL3354920,COc1ccccc1C(=O)N[C@H](COc1cccc(/C=C/C(=O)NO)c1)Cc1c[nH]c2ccccc12,0.0287,1
CHEMBL3895630,CCC(CC)(c1ccc(OCC(=O)NO)c(C)c1)c1ccc(OCC(C)(C)O)c(C)c1,17.0,0
CHEMBL483893,O=C(CCCCCCC(=O)Nc1cccc(-c2cn(CC(O)c3cccc(Br)c3)nn2)c1)NO,0.0027,1
CHEMBL3655953,CC(C)(Nc1ncc(C(=O)NO)cn1)c1ccc(F)c(F)c1,1.058,0
CHEMBL2390999,O=C(/C=C/c1ccc2c(c1)C(=O)NC1(CCN(Cc3ccccc3)CC1)O2)NO,0.087,1
CHEMBL3339016,O=C(CCCCCCC(=O)Nc1cc2c(Nc3ccc(Cl)cc3F)ncnc2s1)NO,0.014469999999999998,1
CHEMBL3317815,C[C@@]12CSC(=N1)c1csc(n1)CNC(=O)C[C@@H](/C=C/CCS)OC(=O)[C@H](CCCN)NC2=O,0.006,1
CHEMBL3971652,CN1CCN(c2cccc(C(=O)NCCCCCC(=O)Nc3ccccc3N)c2)CC1,0.066,1
CHEMBL3621296,O=C(CCCCC(=O)Nc1ccc2c(c1)/C(=C/c1ccc[nH]1)C(=O)N2)NO,0.009770000000000001,1
CHEMBL525529,O=C(c1ccc(C(=O)C(F)(F)F)s1)N1CCc2ccccc21,1.55,0
CHEMBL3912393,Nc1ccc(-c2ccccc2)cc1NC(=O)c1ccc2nn(CCN3CCOCC3)cc2c1,0.47700000000000004,1
CHEMBL3217994,C#Cc1cccc(Nc2ncnc3cc(NC(=O)c4ccc(C(=O)Nc5ccccc5N)s4)ccc23)c1,0.77,1
CHEMBL3938982,CCSc1ccccc1C(=O)NCCCCCC(=O)Nc1ccccc1N,0.381,1
CHEMBL3670668,COc1ccc(-c2cc(-c3ccccc3)[nH]c2C(=O)NCc2ccc(C(=O)NCCS)cc2)cc1,0.1239,1
CHEMBL3622375,Nc1ccccc1NC(=O)c1ccc(-c2cn(CCc3cccc([N+](=O)[O-])c3)nn2)s1,0.26,1
CHEMBL3952742,O=C(NO)c1cnc(NC2(c3ccccc3)CCN(C(=S)Nc3ccccc3)CC2)nc1,0.111,1
CHEMBL2177587,CN1C[C@H](c2ccc(/C=C/C(=O)Nc3ccccc3N)cc2)[C@@H](C(=O)Nc2ccc(Cl)cc2)C1,0.23,1
CHEMBL3984252,Nc1ccccc1NC(=O)CCCCCNC(=O)c1nccs1,1.082,0
CHEMBL513160,O=C(CCCCOCc1cc(-c2ccccc2)on1)NO,0.0129,1
CHEMBL3908578,Nc1ccccc1NC(=O)CCCCCNC(=O)c1ccccc1C(F)(F)F,0.8079999999999999,1
CHEMBL4064767,COc1ccc(Nc2ncnc3cc(NC(=O)CCCCCCC(=O)NO)sc23)c(C)c1,0.14407,1
CHEMBL3938587,Cc1ccc(S(=O)(=O)N2CCC(Nc3ncc(C(=O)NO)cn3)(c3ccccc3)CC2)cc1,2.513,0
CHEMBL3655980,O=C(NO)c1cnc(NC2CCCCC2)nc1,1.0979999999999999,0
CHEMBL3664036,Nc1ccc(F)cc1NC(=O)c1ccc2nc(N3CCNCC3)cnc2c1,0.235,1
CHEMBL3110003,O=C(NO)C1c2ccccc2-c2ccccc21,39.0,0
CHEMBL3339028,CCN(CC)c1ccc(Nc2ncnc3sc(NC(=O)CCCCCCC(=O)NO)cc23)cc1F,0.00352,1
CHEMBL3914611,CCC(CC)(c1ccc(OCC(=O)NO)c(C)c1)c1ccc(OCC(CO)CO)c(C)c1,36.1,0
CHEMBL4085884,O=C(CCCCN1C(=O)[C@H](CO)N=C(c2ccccc2)c2ccccc21)NO,4.94,0
CHEMBL511797,Nc1ccc(-c2ccsc2)cc1NC(=O)c1ccc(N2CCC3(CCNC3)CC2)nc1,1270.0,0
CHEMBL3933626,CC(C)Cc1sc(-c2nccs2)nc1C(=O)NCCCCCCCC(=O)NO,0.073,1
CHEMBL1164225,C[C@H](CCCNS(C)(=O)=O)[C@H]1CC[C@H]2/C(=C/C=C3C[C@@H](O)C[C@H](O)C3)CCC[C@@]21C,730.0,0
CHEMBL3655977,O=C(NO)c1cnc(NC2(c3ccc(F)cc3)CCCCC2)nc1,13.474,0
CHEMBL3652232,CN(c1ccc(Cl)c(Cl)c1)c1ncc(C(=O)NO)cn1,0.21899999999999997,1
CHEMBL2046612,O=C(/C=C/c1ccccc1)NCCCN1CCc2nc(C(=O)NO)sc2C1,13.48,0
CHEMBL1631918,COc1cc2cc(c1)COc1ccccc1NC(=O)[C@@H](CCCCCC(=O)NO)OCCC2,0.0945,1
CHEMBL227118,O=C(CCCCCNC(=O)NC12CC3CC(CC(C3)C1)C2)NO,1.56,0
CHEMBL3884118,COc1ccc2c(c1)c(CC(=O)NCCCCCC(=O)NO)c(C)n2C(=O)c1ccc(Cl)cc1,0.722,1
CHEMBL2323288,CC(C)[C@@H]1NC(=O)Cn2nnnc2-c2csc(n2)CNC(=O)C[C@@H](/C=C/CCS)OC1=O,0.649,1
CHEMBL3353925,O=C1CC[C@H](C(=O)N[C@@H](CCCCCS)C(=O)Nc2ccccc2)N1,0.005,1
CHEMBL3903466,Cc1ccccc1C(=O)NCCCCCC(=O)Nc1ccccc1N,0.716,1
CHEMBL407959,COc1ccc2[nH]c(C)c(CC(=O)N[C@@H](CCCCCC(C)=O)c3ncc(-c4ccccc4)[nH]3)c2c1,0.121,1
CHEMBL3964239,COc1ccc(N)c(NC(=O)CCCCCNC(=O)c2ccc(C)cc2)c1,1.0,1
CHEMBL3937294,Cn1c(C(=O)NCCCCCC(=O)Nc2ccccc2N)cc2cc(F)ccc21,0.077,1
CHEMBL483693,O=C(CCCCCCC(=O)Nc1cccc(-c2cn(Cc3ccccc3)nn2)c1)NO,0.0079,1
CHEMBL3968415,CC(C)Cc1sc(-c2nccs2)nc1C(=O)NCCCNC(=O)CS,0.327,1
CHEMBL242039,CCSC(=S)SCC(=O)c1ccc(OC)cc1,3.16228,0
CHEMBL3655984,O=C(NO)c1cnc(NCc2ccc(-c3ccccc3)cc2)nc1,0.019,1
CHEMBL3939779,O=C(NO)c1cnc(NC2(c3ccccc3)CCN(C(=O)Nc3ccc(Cl)c(Cl)c3)CC2)nc1,2.164,0
CHEMBL3233705,COc1ccc(C(=O)N[C@H](COc2ccc(/C=C/C(=O)NO)cc2)Cc2c[nH]c3ccccc23)cc1,0.0032,1
CHEMBL3622374,Nc1ccccc1NC(=O)c1ccc(-c2cn(CCc3ccsc3)nn2)cc1,2.09,0
CHEMBL483254,Cc1[nH]c2ccccc2c1CCNCc1ccc(/C=C/C(=O)NO)cc1,0.013640000000000001,1
CHEMBL3656023,O=C(NO)c1cnc(NC2(c3cccs3)CCCCC2)nc1,3.365,0
CHEMBL3339011,O=C(CCCCCCC(=O)Nc1cc2c(Nc3ccc(F)c(Cl)c3)ncnc2s1)NO,0.01791,1
CHEMBL16300,O=C(NO)c1ccccc1,7.83,0
CHEMBL3896374,Nc1cnc(-c2ccccc2)cc1NC(=O)c1cnc2cc(N3CCNCC3)ccc2c1,1.876,0
CHEMBL3900617,Cc1ccc(C(=O)NCCCCCC(=O)Nc2ccccc2N)cc1C,0.14400000000000002,1
CHEMBL3655988,O=C(NO)c1cnc(NC2c3ccccc3-c3ccccc32)nc1,1.327,0
CHEMBL3923213,Nc1ccccc1NC(=O)CCCCCNC(=O)c1cc2ccccc2cn1,0.314,1
CHEMBL3655974,O=C(NO)c1cnc(NC2(c3ccc(CO)cc3)CC2)nc1,0.037000000000000005,1
CHEMBL3287266,C/C=C/c1sc(-c2nccs2)nc1C(=O)NCCCCC(=O)NO,0.10800000000000001,1
CHEMBL4086409,CCCCC(CCCC(=O)NO)CCC(=O)Nc1ccccc1,1.6,0
CHEMBL3900516,CN1CCN(c2ccccc2C(=O)NCCCCCC(=O)Nc2ccccc2N)CC1,0.636,1
CHEMBL4091540,O=C(CCCCN1C(=O)[C@H](Cc2ccccc2)N=C(c2ccccc2)c2ccccc21)NO,0.49,1
CHEMBL3884552,COC(=O)Cc1c(C)n(Cc2ccc(-c3cn(CCCCCC(=O)NO)nn3)cc2)c2ccc(OC)cc12,0.22399999999999998,1
CHEMBL3593415,CC(C)[C@@H]1NC(=O)[C@]2(C)CSC(=N2)c2ccnc(c2)CNC(=O)C[C@@H](/C=C/CCS)NC1=O,0.01459,1
CHEMBL2448576,CCC(=O)CCCCC[C@H](NC(=O)C1CN(C)C1)c1ncc(-c2cc3ccccc3nc2OC)[nH]1,0.012,1
CHEMBL2442792,COc1cc([C@@H]2c3cc4c(cc3[C@@H](Nc3cccc(OCCCC(=O)NO)c3)[C@H]3COC(=O)[C@@H]32)OCO4)cc(OC)c1O,0.767,1
CHEMBL4113424,C[C@@H](C(=O)N1CCC(C)(Nc2ncc(C(=O)NO)cn2)CC1)c1ccccc1,0.42200000000000004,1
CHEMBL3655919,O=C(NO)c1cnc(NCc2ccc(Cl)cc2)nc1,0.075,1
CHEMBL3655930,O=C(NO)c1cnc(NCc2ccccc2OC(F)(F)F)nc1,0.3,1
CHEMBL3925038,O=C(NO)c1cnc(NC2(c3ccccc3)CCN(S(=O)(=O)c3cccc(F)c3)CC2)nc1,2.485,0
CHEMBL3287007,CCCCCCCC(=O)SCC/C=C/COC(=O)[C@@H](NC(=O)c1csc(-c2cscn2)n1)C(C)C,2.8305,0
CHEMBL3655954,O=C(NO)c1cnc(NCc2cnccn2)nc1,0.434,1
CHEMBL3953547,CCCCCC(CCCCCC(=O)Nc1ccccc1)C(=O)NO,43.0,0
CHEMBL3909885,Nc1ccccc1NC(=O)CCCCCNS(=O)(=O)c1ccccc1,1.1,0
CHEMBL594544,O=C(NO)c1cnc(N2CCN(C(/C=C/c3ccc(F)cc3)CO)CC2)nc1,0.03,1
CHEMBL3394285,O=C(/C=C/c1ccc(C(F)(F)F)cc1)NO,5.37,0
CHEMBL3339014,O=C(CCCCCCC(=O)Nc1cc2c(Nc3ccc(Cl)c(C(F)(F)F)c3)ncnc2s1)NO,0.023530000000000002,1
CHEMBL4079199,COc1ccc(C(=O)N[C@H](COc2ccc(C(=O)Nc3ccccc3N)cc2)Cc2c[nH]c3ccccc23)cc1,0.09,1
CHEMBL3339030,O=C(CCCCCCC(=O)Nc1cc2c(Nc3ccc(O[C@H]4CCOC4)c(Cl)c3)ncnc2s1)NO,0.00358,1
CHEMBL520056,O=C(CCCCCCC(=O)Nc1cccc(-c2cnnn2-c2ccccc2)c1)NO,0.0077,1
CHEMBL3897044,Cc1cnc(-c2nc(C(=O)NCCCCC(=O)NO)c(C3CC3)s2)s1,0.075,1
CHEMBL3287262,O=C(CCCCNC(=O)c1nc(-c2nccs2)sc1Cc1ccccc1)NO,0.0795,1
CHEMBL3933316,Nc1ccccc1NC(=O)CCCCCNC(=O)c1cc(C2CC2)on1,0.19,1
CHEMBL462208,C[C@H](NC(=O)c1ccc(C(=O)C(F)(F)F)s1)c1ccccc1,9.4,0
CHEMBL4060412,O=C(/C=C/c1cccc(C(=O)NO)c1)NO,0.07,1
CHEMBL3577298,CC1=C(C)C(=O)C(CONC(=O)CCCCCCC(=O)Nc2ccccc2)=C(C)C1=O,0.149,1
CHEMBL3932247,Nc1ccccc1NC(=O)CCCCCNC(=O)CCc1ncc(-c2ccccc2)o1,0.284,1
CHEMBL1243289,O=C(CCCCC1CC(C(=O)NO)=NO1)Nc1ccccc1,28.1,0
CHEMBL3356934,O=C(CCCCCCS)NCc1cccc(OCc2ccccc2)c1,2.95,0
CHEMBL1096982,O=C(O)CC/C=C\C[C@@H]1NC(=O)[C@H]2CCCN2C(=O)[C@H](Cc2ccccc2)NC(=O)[C@H](Cc2c[nH]c3ccccc23)NC1=O,22.0,0
CHEMBL4069031,C[C@@H]1N=C(c2ccccc2)c2ccccc2N(CCCCC(=O)NO)C1=O,1.8,0
CHEMBL109,CCCC(CCC)C(=O)O,161.0,0
CHEMBL3933572,Nc1ccc(-c2ccccc2)cc1NC(=O)CCCCCCNC(=O)c1cccnc1,20.0,0
CHEMBL3911708,Nc1ccccc1NC(=O)CCCCCNC(=O)c1cccc2[nH]ccc12,0.07200000000000001,1
CHEMBL1243261,O=C(CCCCc1cc(C(=O)NO)no1)Nc1ccccc1,26.7,0
CHEMBL2385954,COc1cc2c(c(OC)c1OC)-c1ccc(OC)c(=O)cc1[C@@H](NC(=O)CCCCC(=O)NO)CC2,0.83,1
CHEMBL3287016,CC(C)[C@H](NC(=O)c1csc(-c2cscn2)n1)C(=O)NCCC(=O)NO,3.153,0
CHEMBL3918012,Nc1ccccc1NC(=O)CCCCCNC(=O)c1ccc(NC2CC2)cc1,0.078,1
CHEMBL398884,O=C(Nc1cc(-c2ccccc2)ccc1O)c1cccs1,2.81,0
CHEMBL3956667,Nc1ccccc1NC(=O)CCCCCNC(=O)c1ccc2ncsc2c1,0.326,1
CHEMBL3655989,COc1cccc(C2(Nc3ncc(C(=O)NO)cn3)CC2)c1,0.128,1
CHEMBL497331,O=C(NCC1CCCCC1)c1ccc(C(=O)C(F)(F)F)s1,3.1,0
CHEMBL3655928,COc1ccccc1CNc1ncc(C(=O)NO)cn1,0.506,1
CHEMBL1631917,COc1cc2cc(c1)COc1ccccc1NC(=O)[C@H](CCCCCC(=O)NO)OCCC2,0.0936,1
CHEMBL3916454,Nc1ccccc1NC(=O)CCCCCNS(=O)(=O)c1ccc(F)cc1,3.8,0
CHEMBL3964972,Cc1ccc(C(=O)NCCCCCC(=O)Nc2cc(-n3cccn3)c(F)cc2N)cc1,20.0,0
CHEMBL3967028,Cn1c(C(=O)NCCCCCC(=O)Nc2ccccc2N)cc2cc(Cl)ccc21,0.057999999999999996,1
CHEMBL3933352,CCOc1cccc(C(=O)NCCCCCC(=O)Nc2ccccc2N)c1,0.182,1
CHEMBL3621294,O=C(CCCCCCC(=O)Nc1ccc2c(c1)/C(=C/c1ccc[nH]1)C(=O)N2)NO,0.000669,1
CHEMBL468527,O=C(CCCCc1cc(C(=O)NO)no1)Nc1ccc(-c2ccccc2)cc1,7.41,0
CHEMBL3936491,Nc1ccccc1NC(=O)CCCCCNC(=O)c1ccc(C(F)(F)F)cc1,0.6,1
CHEMBL3109980,O=C(NO)[C@@H]1[C@H](c2ccccc2)[C@H]1c1cc(Cl)c2c(c1)OCCO2,4.7,0
CHEMBL3947383,O=C(NO)c1cnc(NC2(c3ccccc3)CCN(S(=O)(=O)c3ccccc3)CC2)nc1,3.545,0
CHEMBL3827262,Nc1ccc(-c2ccc(F)cc2)cc1NC(=O)C1C2COCC21,1.49,0
CHEMBL3287006,CC(C)[C@@H]1NC(=O)c2csc(n2)-c2csc(n2)CNC(=O)C[C@@H](/C=C/CCS)OC1=O,0.085,1
CHEMBL3759921,O=C(CCCCCCC(=O)N/N=C/c1ccc(-c2ccccc2)cc1)NO,0.002,1
CHEMBL2364628,O=C(CCCCCCNC(=O)c1cnc(N(c2ccccc2)c2ccccc2)nc1)NO,0.09300000000000001,1
CHEMBL236678,Nc1ccccc1NC(=O)c1cccnc1,3.64,0
CHEMBL3656020,O=C(NO)c1cnc(NC2(c3cccc(F)c3)CCCC2)nc1,1.3730000000000002,0
CHEMBL1093040,CCc1ccccc1NC(=O)CCCCC(=O)NO,2.263,0
CHEMBL3940441,Nc1cc(F)ccc1NC(=O)CCCCCNC(=O)c1ccccn1,2.01,0
CHEMBL3908408,Cc1cccc2cc(C(=O)NCCCCCC(=O)Nc3ccccc3N)[nH]c12,0.032,1
CHEMBL569122,CC(C)C[C@H]1CC(=O)N[C@@H](C)C(=O)N[C@@H](CSCCC(=O)O)C(=O)N[C@@H](Cc2c[nH]c3ccccc23)C(=O)N1,7.08,0
CHEMBL3664031,Nc1ccccc1NC(=O)c1cc2ccc(N3CCNCC3)cc2cn1,0.038,1
CHEMBL2408778,Nc1ncnc2c1c(-c1ccc(Cl)cc1)nn2-c1cccc(-c2cnnn2CCCCCC(=O)NO)c1,0.019,1
CHEMBL4082466,Nc1ccccc1NC(=O)c1ccc(NC(=O)CCN2C(=O)C3(OCCCO3)c3cc(Cl)ccc32)cc1,0.311,1
CHEMBL3339012,O=C(CCCCC(=O)Nc1cc2c(Nc3ccc(Cl)c(C(F)(F)F)c3)ncnc2s1)NO,0.6070300000000001,1
CHEMBL3318732,COc1ccc2cc(C(=O)/C=C/C=C/c3ccc(OC)c(OC)c3)c(=O)oc2c1,12.0,0
CHEMBL3655909,O=C(NO)c1cnc(Nc2cc(F)cc(C(F)(F)F)c2)nc1,0.27,1
CHEMBL3309299,CC1(C)CC(=O)Nc2ccc(C(=O)NC[C@H]3CC[C@@H](/C=C/C(=O)NO)CC3)cc21,0.37,1
CHEMBL3976623,O=C(CCCCNC(=O)c1nc(-c2nc3c(s2)CCCCC3)sc1C1CC1)NO,0.161,1
CHEMBL3656005,O=C(NO)c1cnc(NC2(c3ccc(Cl)cc3)CC2)nc1,0.107,1
CHEMBL3309290,CC1(C)CC(=O)Nc2ccc(C(=O)NCc3cccc(/C=C/C(=O)NO)c3)cc21,0.21,1
CHEMBL2407730,O=C(NO)c1ccc(CNc2nccc(-c3cccnc3)n2)cc1,0.102,1
CHEMBL3601777,Cc1ccc(Nc2nccc3ccc(NCc4ccc(C(=O)NO)cc4)cc23)cc1,0.26398,1
CHEMBL3655921,O=C(NO)c1cnc(NCc2ccccc2C(F)(F)F)nc1,0.8909999999999999,1
CHEMBL3951951,Nc1ccccc1NC(=O)CCCCCNC(=O)c1ccc(C2CC2)cc1,0.10400000000000001,1
CHEMBL3918218,CCc1ccccc1C(=O)NCCCCCC(=O)Nc1ccccc1N,0.585,1
CHEMBL3655963,CC(C)(Nc1ncc(C(=O)NO)cn1)c1ccc(C(F)(F)F)cc1F,2.891,0
CHEMBL3925407,CC(C)(C)c1ccc(C(=O)NCCCCCC(=O)Nc2ccccc2N)cc1,0.4,1
CHEMBL3287256,O=C(CCCCNC(=O)c1nc(-c2nccs2)sc1C1CCCCC1)NO,0.3275,1
CHEMBL541451,N=C(N)NCCC[C@H](N)C(=O)NCC(=O)N[C@@H](CCCCCC(=O)Nc1ccccc1N)C(=O)Nc1ccccc1N,1.3,0
CHEMBL3758251,O=C(CCCCC(=O)N/N=C/c1ccc(-c2ccccc2)cc1)NO,0.061,1
CHEMBL3934285,CCOc1ccc2[nH]c(C(=O)NCCCCCC(=O)Nc3ccccc3N)cc2c1,0.049,1
CHEMBL3652234,O=C(NO)c1cnc(Nc2cc(Cl)ccc2Cl)nc1,0.35200000000000004,1
CHEMBL487943,O=C(CCCCCCC(=O)Nc1ccc(-c2cnnn2CC(O)c2cccc(Br)c2)cc1)NO,0.0151,1
CHEMBL3233698,O=C(/C=C/c1ccc(OC[C@H](Cc2c[nH]c3ccccc23)NC(=O)c2ccc(Cl)cc2)cc1)NO,0.0039,1
CHEMBL3675757,O=C(CCCCCCN(c1ccccn1)c1ccccn1)NO,0.71,1
CHEMBL3957946,Nc1cc(F)ccc1NC(=O)CCCCCN1CCc2cc(F)ccc2C1=O,1.411,0
CHEMBL3353053,Cn1cccc1C(=O)N1CCn2cc(C(=O)NO)cc2C1,8.5,0
CHEMBL3655918,O=C(NO)c1cnc(NCc2ccccc2)nc1,0.128,1
CHEMBL2046620,CC(c1ccc(NC(=O)/C=C/c2ccccc2)nc1)N1CCc2nc(C(=O)NO)sc2C1,4.8,0
CHEMBL3655995,O=C(NO)c1cnc(NC2(c3cc(C(F)(F)F)ccc3F)CC2)nc1,0.022000000000000002,1
CHEMBL3896998,Nc1ccc(-c2ccccc2)cc1NC(=O)c1ccc2c(c1)c(C1CC1)cn2CCN1CCOCC1,1.905,0
CHEMBL3655943,C[C@H](Nc1ncc(C(=O)NO)cn1)c1ccccc1,5.3725,0
CHEMBL2012817,CCC(=O)CCCCC[C@@H]1NC(=O)[C@@H](C)n2nncc2[C@H](CC(C)C)NC(=O)[C@H](Cc2c[nH]c3ccccc23)NC1=O,0.009000000000000001,1
CHEMBL3339034,O=C(CCCCCCC(=O)Nc1cc2c(Cl)ncnc2s1)NO,0.02653,1
CHEMBL3942719,Cc1ccc2c(c1)cc(C(=O)NCCCCCC(=O)Nc1ccccc1N)n2C,0.092,1
CHEMBL3930488,COc1ccc2cc(C(=O)NCCCCCC(=O)Nc3ccccc3N)[nH]c2c1,0.026000000000000002,1
CHEMBL3339029,CN(C)c1ccc(Nc2ncnc3sc(NC(=O)CCCCCCC(=O)NO)cc23)cc1F,0.00322,1
CHEMBL3670670,O=C(NO)c1ccc(CNC(=O)c2[nH]c(-c3ccc(F)cc3)cc2-c2ccc(F)cc2)cc1,3.9,0
CHEMBL4082243,COc1ccc(Nc2ncnc3cc(NC(=O)CCCCCCC(=O)NO)sc23)cc1,0.21548,1
CHEMBL406927,COc1ccc2[nH]c(C)c(CC(=O)N[C@@H](CCCCCC(C)=O)c3nc4ccc(Cl)cc4[nH]3)c2c1,1.0,1
CHEMBL255805,Nc1ccc(-c2ccccc2)cc1NC(=O)c1cccnc1,11.35,0
CHEMBL3335298,O=C(CCCCc1ccn(Cc2ccc(-n3ccc4ccccc43)cc2)n1)NO,0.24600000000000002,1
CHEMBL3639548,CC(C)(Nc1ncc(C(=O)NO)cn1)c1ccc(F)cc1,1.48,0
CHEMBL3956299,CC(C)Cc1sc(-c2nccs2)nc1C(=O)NCCCCC(=O)Nc1ccccc1N,3.8139999999999996,0
CHEMBL3925099,Cc1nc(-c2nc(C(=O)NCCCCC(=O)NO)c(C3CC3)s2)sc1C,0.09699999999999999,1
CHEMBL3937615,CS(=O)(=O)c1ccc(C(=O)NCCCCC(=O)Nc2ccccc2N)cc1,11.95,0
CHEMBL3758191,Cc1ccccc1-c1ccc(/C=N/NC(=O)CCCCCC(=O)NO)cc1,0.0054,1
CHEMBL3601341,CC(C)N1CCN(c2nccc3ccc(NC(=O)CCCCCCC(=O)NO)cc23)CC1,0.036000000000000004,1
CHEMBL3883830,Cc1ccc(-c2cc(C(F)(F)F)nn2-c2ccc(S(=O)(=O)NCCCCCCCC(=O)NO)cc2)cc1,0.256,1
CHEMBL3770345,Nc1ccccc1NC(=O)CCCCNC(=O)c1nc(-c2nccs2)sc1C1CC1,3.24871,0
CHEMBL561909,Nc1ccccc1NC(=O)CCCCC[C@H](NC(=O)CNC(=O)[C@@H](N)Cc1ccccc1)C(=O)NCC(=O)O,69.3,0
CHEMBL2442793,COc1cc([C@@H]2c3cc4c(cc3[C@@H](Nc3ccccc3OCCCC(=O)NO)[C@H]3COC(=O)[C@@H]32)OCO4)cc(OC)c1O,1.444,0
CHEMBL3664028,Nc1cc(F)ccc1NC(=O)c1ccc2c(cnn2CCN2CCOCC2)c1,0.32,1
CHEMBL3891531,Nc1sc(-c2ccccc2)cc1NC(=O)c1cnc2cc(N3CCNCC3)ccc2c1,0.171,1
CHEMBL3931835,Nc1ccccc1NC(=O)/C=C/CCCNC(=O)c1cccc(Cl)c1,0.14800000000000002,1
CHEMBL3287261,O=C(CCCCNC(=O)c1nc(-c2nccs2)sc1-c1ccc([N+](=O)[O-])cc1)NO,0.2005,1
CHEMBL3895935,Nc1ccccc1NC(=O)CCCCCNC(=O)c1ccc(S(N)(=O)=O)cc1,1.19,0
CHEMBL3356936,Cc1cccc(CCNC(=O)CCCCCCS)c1,2.6,0
CHEMBL3758457,O=C(/C=C/c1ccc(/C=C(/CNC2CC2)c2ccc(F)cc2)cc1)NO,0.025,1
CHEMBL487742,O=C(CCCCCCC(=O)Nc1ccc(-c2cnnn2-c2ccccc2)cc1)NO,0.012,1
CHEMBL3656000,O=C(NO)c1cnc(NC2(c3ccc(F)c(Cl)c3)CC2)nc1,0.062,1
CHEMBL3335300,O=C(CCCCc1ccn(Cc2ccc(-c3ccccc3)cc2)n1)NO,0.03,1
CHEMBL398420,COC(=O)NCc1ccc(C(=O)Nc2cc(-c3ccccc3)ccc2N)cc1,22.45,0
CHEMBL2179618,CCCCN(Cc1ccc(C(=O)NO)cc1)C(=O)Nc1ccccc1,6.68,0
CHEMBL2385955,COc1cc2c(c(OC)c1OC)-c1ccc(OC)c(=O)cc1[C@@H](NC(=O)CCCCCC(=O)NO)CC2,1.03,0
CHEMBL1213490,C/C=C1\NC(=O)[C@@H](CS)NC(=O)[C@@H](C(C)C)CC(=O)C[C@@H](/C=C/CCS)OC(=O)[C@H](C(C)C)NC1=O,0.03165,1
CHEMBL3655929,O=C(NO)c1cnc(NCc2ccc3c(c2)OCO3)nc1,0.057999999999999996,1
CHEMBL3919167,CC(C)Cc1sc(-c2nccs2)nc1C(=O)NCCCCCCNC(=O)CS,0.534,1
CHEMBL3217999,C#Cc1cccc(Nc2ncnc3ccc(NC(=O)c4ccc(C(=O)Nc5ccccc5N)cc4)cc23)c1,0.61,1
CHEMBL3955258,Cc1ccc(C(=O)NCCCCCC(=O)Nc2ccccc2N)c(C)c1,0.27699999999999997,1
CHEMBL3885245,COc1ccc2c(c1)c(CC(=O)NCCCCCCCC(=O)NO)c(C)n2C(=O)c1ccc(Cl)cc1,0.28300000000000003,1
CHEMBL3913961,Nc1ccccc1NC(=O)CCCCCNC(=O)c1ccc2[nH]ccc2c1,0.044000000000000004,1
CHEMBL2381517,O=C(NO)c1cccc(C(=O)NCCc2ccccc2)c1,23.0,0
CHEMBL3948452,CC1(C)C(=O)N(c2ccc(C#N)c(C(F)(F)F)c2)C(=S)N1c1ccc(/C=C/C(=O)Nc2ccccc2N)c(F)c1,20.2,0
CHEMBL3901374,CCON1CCC(Nc2ncc(C(=O)NO)cn2)(c2ccccc2)CC1,1.003,0
CHEMBL3356931,O=C1CCC[C@@H](C(=O)N[C@@H](CCCCCS)C(=O)NC2CCCC2)N1,0.098,1
CHEMBL3907307,Nc1ccccc1NC(=O)CCCCCNC(=O)c1ccc(Cl)cc1,0.3,1
CHEMBL3986625,Nc1cc(F)ccc1NC(=O)CCCCCNC(=O)c1cc2ccccc2o1,0.48,1
CHEMBL3656009,O=C(NO)c1cnc(NC2(c3ccc(F)c(F)c3)CC2)nc1,0.128,1
CHEMBL3907191,Nc1ccccc1NC(=O)C/C=C/CCNC(=O)c1ccccc1,5.782,0
CHEMBL3656002,COc1ccccc1C1(Nc2ncc(C(=O)NO)cn2)CC1,0.727,1
CHEMBL3621297,Nc1ccccc1NC(=O)CCCCC(=O)Nc1ccc2c(c1)/C(=C/c1ccc[nH]1)C(=O)N2,0.00242,1
CHEMBL3954596,Nc1ccccc1NC(=O)CCCCCNC(=O)c1ccc2cn[nH]c2c1,0.115,1
CHEMBL3104851,Cc1c(O)c(O)c2c(c1C=O)[C@@H]1O[C@H](O2)c2c(C)c(O)c(O)c(O)c2C1=O,12.4,0
CHEMBL3655917,O=C(NO)c1cnc(NCc2cccc(Cl)c2)nc1,0.034,1
CHEMBL3652226,O=C(NO)c1cnc(Nc2ccc(Cl)c(Cl)c2)nc1,0.299,1
CHEMBL3287023,O=C(CCCCNC(=O)c1csc(-c2nccs2)n1)NO,0.1085,1
CHEMBL467998,O=C(CCCCNC(=O)c1cc(-c2ccccc2)on1)NO,0.158,1
CHEMBL3655956,CC(Nc1ncc(C(=O)NO)cn1)(c1ccccc1)c1ccccc1,4.676,0
CHEMBL1165293,C[C@H](CCCCC(=O)Nc1ccccc1N)[C@H]1CC[C@H]2/C(=C/C=C3C[C@@H](O)C[C@H](O)C3)CCC[C@@]21C,104.0,0
CHEMBL4062598,COc1ccc(C(=O)N[C@H](CNCc2ccc(C(=O)Nc3ccccc3N)cc2)Cc2c[nH]c3ccccc23)cc1,0.223,1
CHEMBL3907792,Nc1ccccc1NC(=O)CCCCNC(=O)c1ccnc(N2CCCCC2)c1,7.455,0
CHEMBL3652227,O=C(NO)c1cnc(Nc2ccc(F)cc2)nc1,0.354,1
CHEMBL3426804,O=C(/C=C/c1ccc(NC(=O)C(Cc2ccccc2)c2ccccc2)cn1)NO,0.08,1
CHEMBL3656010,O=C(NO)c1cnc(NC2(c3ccc(Cl)c(Cl)c3)CC2)nc1,0.054000000000000006,1
CHEMBL3935015,Nc1ccccc1NC(=O)CCCCCNC(=O)c1ccc(F)c(F)c1,0.12300000000000001,1
CHEMBL3287010,Cc1nc(-c2nc(C(=O)N[C@H](C(=O)OC/C=C/CCS)C(C)C)cs2)cs1,0.10800000000000001,1
CHEMBL3339024,Cc1ccc(Nc2ncnc3sc(NC(=O)CCCCCCC(=O)NO)cc23)cc1,0.00292,1
CHEMBL4086093,O=C(CCCCCCC(=O)Nc1ccccc1CN1CC[C@H](O)C1)NO,0.368,1
CHEMBL3426803,O=C(CCCCSc1nc(-c2ccc(-c3ccccc3)cc2)cc(=O)[nH]1)NO,0.02,1
CHEMBL511715,O=C(CCCCc1cc(C(=O)NO)no1)Nc1cnc2ccccc2c1,0.102,1
CHEMBL3972430,Nc1ccccc1NC(=O)CCCCCNC(=O)c1ccc2cccnc2c1,0.946,1
CHEMBL446512,Nc1cccc(-c2cc(C(=O)NCCCCC(=O)NO)no2)c1,0.14400000000000002,1
CHEMBL3655911,O=C(NO)c1cnc(Nc2cccc(-c3ccccc3)c2)nc1,0.18100000000000002,1
CHEMBL3924039,Nc1ccccc1NC(=O)CCCCCNC(=O)c1ccccc1C(=O)C(F)(F)F,37.91,0
CHEMBL3907070,CCc1ccc(C(=O)NCCCCCC(=O)Nc2ccccc2N)cc1,0.183,1
CHEMBL3655966,O=C(NO)c1cnc(NC(c2ccc(F)cc2)c2ccc(F)cc2)nc1,0.5489999999999999,1
CHEMBL1767037,CNC(=O)/C(CCCCCCC(=O)Nc1cccc(-c2ccc(C(=O)O)cc2)c1)=N\O,21.1,0
CHEMBL3982264,CCCCCCC(CCCCCC(=O)Nc1ccccc1)C(=O)NO,98.0,0
CHEMBL1767038,CNC(=O)/C(CCCCCCC(=O)Nc1cccc(-c2cccnc2)c1)=N\O,18.4,0
CHEMBL3338404,O=C(NO)c1ccc2c(c1)CN(Cc1ccc(-c3cccc([N+](=O)[O-])c3)o1)CC2,6.59,0
CHEMBL3655969,CC(C)(Nc1ncc(C(=O)NO)cn1)c1cc(C(F)(F)F)cc(C(F)(F)F)c1,4.422,0
CHEMBL3664034,Nc1cc(F)ccc1NC(=O)c1cnc2cc(N3CCNCC3)ccc2n1,1.301,0
CHEMBL3655998,COc1cc(OC)cc(C2(Nc3ncc(C(=O)NO)cn3)CC2)c1,0.124,1
CHEMBL3664023,Nc1ccccc1NC(=O)c1cnc2c(C3CC3)c(N3CCNCC3)ccc2c1,0.053,1
CHEMBL3655951,CC(C)(Nc1ncc(C(=O)NO)cn1)c1ccc(C(F)(F)F)cc1,2.376,0
CHEMBL403323,O=C(/C=C/c1ccc(CN(CCO)CCc2cc3ccccc3[nH]2)cc1)NO,0.0037,1
CHEMBL3947538,CC(C)Cc1sc(-c2nccs2)nc1C(=O)NCCCCCNC(=O)CS,0.495,1
CHEMBL3892568,O=C(NO)c1cnc(NC2(c3ccccc3)CCN(S(=O)(=O)c3ccc(Cl)cc3)CC2)nc1,3.19,0
CHEMBL3956300,Nc1ccccc1NC(=O)CCCCCNC(=O)c1ccc(-c2nnn[nH]2)cc1,1.13,0
CHEMBL3758882,O=C(NCCCCCCS)c1cc(-c2cccnc2)n[nH]1,0.028999999999999998,1
CHEMBL3670661,O=C(NO)c1ccc(CNC(=O)c2[nH]c(-c3ccc(O)cc3)cc2-c2ccoc2)cc1,0.7537,1
CHEMBL473484,Nc1ccc(-c2ccccc2)cc1NC(=O)c1ccc(C(=O)N2CCC3(CCCN3)CC2)cc1,5.102,0
CHEMBL3771288,O=C(NCCCCC(=O)C(F)(F)F)c1nc(-c2nccs2)sc1Cc1ccccc1,0.06508,1
CHEMBL3939372,Nc1ccccc1NC(=O)CCCCCNC(=O)c1ccc2ccccc2c1,0.13699999999999998,1
CHEMBL3770755,O=C(NCCCCC(O)C(F)(F)F)c1nc(-c2nccs2)sc1C1CC1,8.86176,0
CHEMBL3235463,O=C(/C=C/c1ccc(-c2ccc(O)c(C34CC5CC(CC(C5)C3)C4)c2)cc1)NO,55.6,0
CHEMBL3930868,Nc1cc(F)ccc1NC(=O)CCCCCNC(=O)CN1CCOCC1,14.0,0
CHEMBL3946574,Cc1[nH]c2ccc(C(=O)NCCCCCC(=O)Nc3ccccc3N)cc2c1C,0.040999999999999995,1
CHEMBL2414098,O=C(CCCCCCc1nc2ccc(Br)cc2[nH]1)NO,0.0064,1
CHEMBL3664033,Nc1cc(F)ccc1NC(=O)c1cc2ccc(N3CCNCC3)c(C3CC3)c2cn1,0.03,1
CHEMBL514671,Nc1ccccc1NC(=O)c1ccc(CNCOC(=O)c2cccnc2)cc1,0.62,1
CHEMBL1801238,O=C(NO)c1cnc(N2C[C@H]3[C@H](NCc4ccc(Cl)cc4)[C@H]3C2)nc1,0.01,1
CHEMBL3656015,O=C(NO)c1cnc(NC2(c3cc(Cl)cc(Cl)c3)CC2)nc1,0.057,1
CHEMBL4097655,O=C(CCCCCCC(=O)Nc1cc2ncnc(Nc3cccc(Cl)c3)c2s1)NO,0.04555,1
CHEMBL1812335,N[C@H](Cc1ccc(Cl)cc1Cl)C(=O)N1Cc2ccccc2C1,20.0,0
CHEMBL3656018,O=C(NO)c1cnc(NC2(c3cccc(F)c3)CCOCC2)nc1,1.324,0
CHEMBL3936840,Nc1ccc(-c2ccccc2)cc1NC(=O)c1cnc2c(N3CCNCC3)c(C3CC3)ccc2c1,0.257,1
CHEMBL485967,CC(NC(=O)c1ccc(C(=O)C(F)(F)F)s1)c1cccc2ccccc12,0.84,1
CHEMBL3899106,Cc1c(C(=O)NCCCCCC(=O)Nc2ccccc2N)[nH]c2ccccc12,0.04,1
CHEMBL570041,CC(C)C[C@H]1CC(=O)N[C@@H](C)C(=O)N[C@@H](CCCCCC(=O)O)C(=O)N[C@@H](Cc2cccc3ccccc23)C(=O)N1,0.99,1
CHEMBL3917305,Nc1ccccc1NC(=O)CCCCCNC(=O)c1ccccc1C(=O)c1ccccc1,0.27899999999999997,1
CHEMBL3932246,Nc1ccccc1NC(=O)CCCCNC(=O)c1csc(-c2ccncc2)n1,0.8290000000000001,1
CHEMBL1164992,CC(/C=C/C(=O)NO)=C\[C@@H](C)[C@H]1CC[C@H]2/C(=C/C=C3/C[C@H](O)C[C@H](O)C3)CCC[C@@]21C,13.3,0
CHEMBL3656012,O=C(NO)c1cnc(NC2(c3cccc(F)c3F)CC2)nc1,0.028999999999999998,1
CHEMBL514503,Nc1ccc(-c2ccc(F)cc2)cc1NC(=O)c1ccc(C(=O)N2CCC3(CCCN3)CC2)cc1,3.202,0
CHEMBL4068828,CC(C)c1cccc(Nc2ncnc3cc(NC(=O)CCCCCCC(=O)NO)sc23)c1,0.06505,1
CHEMBL3929959,COc1cccc2[nH]cc(C(=O)NCCCCCC(=O)Nc3ccccc3N)c12,0.057999999999999996,1
CHEMBL2323290,CC(C)[C@@H]1NC(=O)Cn2cc(nn2)-c2csc(n2)CNC(=O)C[C@@H](/C=C/CCS)OC1=O,0.885,1
CHEMBL3975961,N#Cc1ccccc1C(=O)NCCCCCC(=O)Nc1ccccc1N,0.086,1
CHEMBL3759869,CC(=O)SCCCCCCNC(=O)c1cc(-c2ccc(F)cc2)nn1C,0.068,1
CHEMBL3920532,O=C(NO)c1cnc(NC2(c3cc(F)ccc3F)CCOCC2)nc1,0.6709999999999999,1
CHEMBL390452,O=C(/C=C/c1cccc(C(=O)c2cc3ccccc3o2)c1)NO,0.079,1
CHEMBL3895086,Cc1cccc(C(=O)NCCCCCC(=O)Nc2ccccc2N)c1,0.057999999999999996,1
CHEMBL3943758,CCC(CC)(c1ccc(OCC(=O)NO)c(C)c1)c1ccc(OC[C@H](O)C(C)(C)C)c(C)c1,22.0,0
CHEMBL487253,Cn1c(CCCC(=O)O)nc2cc(N(CCCl)CCCl)ccc21,0.025,1
CHEMBL3655908,O=C(NO)c1cnc(Nc2cc(Cl)cc(C(F)(F)F)c2)nc1,0.83,1
CHEMBL3891112,O=C(CCCCNC(=O)c1nc(-c2nccs2)sc1/C=C/c1ccccc1)NO,0.253,1
CHEMBL3955671,Nc1ccccc1NC(=O)CCCCCNC(=O)c1cccc(-c2nnn[nH]2)c1,0.9,1
CHEMBL3977741,O=C(NO)c1cnc(NC2(c3ccccc3)CCN(C(=O)Nc3ccccc3F)CC2)nc1,0.8240000000000001,1
CHEMBL2046617,COc1ccc(/C=C/C(=O)NCCCCN2CCc3nc(C(=O)NO)sc3C2)cc1,34.12,0
CHEMBL486324,CCCCC(=O)CCCCC[C@H](NC(=O)C1CCN(C)CC1)c1ncc(-c2ccc3ccccc3c2)[nH]1,0.18,1
CHEMBL3891665,Nc1ccccc1NC(=O)CCCCCNC(=O)c1ccc2cc[nH]c2c1,0.040999999999999995,1
CHEMBL4078477,Nc1cc(F)ccc1NC(=O)/C=C/c1cnn(C/C=C/c2ccccc2)c1,0.08,1
CHEMBL256440,Nc1ccc(-c2cccs2)cc1NC(=O)c1cccnc1,7.3,0
CHEMBL4073372,CC(C)(C)OC(=O)NCCCC[C@@H]1N=C(c2ccccc2)c2ccccc2N(CCCCC(=O)NO)C1=O,0.59,1
CHEMBL4064784,CC(C)(C)OC(=O)C[C@@H]1N=C(c2ccccc2)c2ccccc2N(CCCCC(=O)NO)C1=O,4.15,0
CHEMBL3655971,O=C(NO)c1cnc(NC2(c3cccc(Cl)c3)CC2)nc1,0.05,1
CHEMBL3979648,COC(=O)CCCCCCCc1ccc(N2C(=S)N(c3ccc(C#N)c(C(F)(F)F)c3)C(=O)C2(C)C)cc1F,10.7,0
CHEMBL3356939,O=C1CCC[C@@H](C(=O)N[C@@H](CCCCCS)C(=O)N2CCc3ccccc3C2)N1,6.33,0
CHEMBL3655973,CC(Nc1ncc(C(=O)NO)cn1)(c1ccc(F)cc1)c1ccc(F)cc1,5.709,0
CHEMBL1835671,CCC(CCCCC(=O)Nc1ccccc1)CC(=O)NO,97.0,0
CHEMBL3311464,O=C(CCCCCCC(=O)Nc1ccc2[nH]c(=O)ccc2c1)NO,0.054000000000000006,1
CHEMBL1923808,O=C(CCCCCCC(=O)Nc1ccc([19F])cc1)NO,0.0239,1
CHEMBL3339010,O=C(CCCCCC(=O)Nc1cc2c(Nc3ccc(F)c(Cl)c3)ncnc2s1)NO,0.03767,1
CHEMBL3958558,Nc1ccccc1NC(=O)CCCCCNC(=O)c1ccccc1Cl,0.442,1
CHEMBL3942298,CC(C)(C)OC(=O)NCc1nc(-c2nc(C(=O)NCCCCC(=O)NO)cs2)cs1,0.895,1
CHEMBL3664024,Nc1cc(F)ccc1NC(=O)c1ccc2c(c1)CC(=O)N2,0.26899999999999996,1
CHEMBL487741,O=C(CCCCCCC(=O)Nc1ccc(-c2cnnn2Cc2ccc(F)cc2)cc1)NO,0.0164,1
CHEMBL3652243,COc1cc(Nc2ncc(C(=O)NO)cn2)cc(OC)c1,0.257,1
CHEMBL3098695,O=C(CCCCC[C@H](NC(=O)[C@@H]1CC(=O)N1)C(=O)Nc1ccccc1)NO,0.08800000000000001,1
CHEMBL1631910,O=C(CCCCCC1OCCCCCOc2ccccc2NC1=O)NO,0.369,1
CHEMBL1164227,C[C@H](CCCCNS(=O)(=O)C(F)(F)F)[C@H]1CC[C@H]2/C(=C/C=C3C[C@@H](O)C[C@H](O)C3)CCC[C@@]21C,695.0,0
CHEMBL3940906,Nc1ccccc1NC(=O)CCCCCNC(=O)c1cc2c(F)cccc2[nH]1,0.06,1
CHEMBL3884044,Cc1ccc(-c2cc(C(F)(F)F)nn2-c2ccc(S(=O)(=O)NCCCCCC(=O)NO)cc2)cc1,1.02,0
CHEMBL2436595,CC(C)[C@@H]1NC(=O)[C@]2(C)CSC(=N2)c2coc(n2)CNC(=O)C[C@@H](/C=C/CCS)OC1=O,0.0072,1
CHEMBL569812,CCC(=O)CCCSC[C@@H]1NC(=O)[C@H](C)NC(=O)C[C@H](CC(C)C)NC(=O)[C@H](Cc2c[nH]c3ccccc23)NC1=O,0.062,1
CHEMBL487106,O=C(CCCCCCC(=O)Nc1cccc(-c2cnnn2Cc2ccc(F)cc2)c1)NO,0.0058,1
CHEMBL3759059,COc1ccc(Br)c(/C=N/NC(=O)CCCCCC(=O)NO)c1,0.0012,1
CHEMBL3670677,O=C(NO)c1ccc(CNC(=O)c2[nH]c(-c3ccccc3)cc2-c2ccc([N+](=O)[O-])cc2)cc1,0.77,1
CHEMBL3912782,COc1ccc(C(=O)NCCCCCC(=O)Nc2ccccc2N)cc1,0.3,1
CHEMBL3287017,CC(C)[C@H](NC(=O)c1csc(-c2cscn2)n1)C(=O)NCCCC(=O)NO,1.639,0
CHEMBL3670666,COc1ccc(-c2cc(-c3ccccc3)[nH]c2C(=O)NCc2ccc(C(=O)Nc3ccccc3N)cc2)cc1,0.4513,1
CHEMBL471466,CN(Cc1ccc(C(=O)Nc2cc(-c3ccccc3)ccc2N)cc1)c1ccncc1,5.3839999999999995,0
CHEMBL3916028,O=C(NO)c1cnc(NC2(c3ccccc3)CCN(C(=O)Nc3c(F)cccc3F)CC2)nc1,0.7609999999999999,1
CHEMBL3925137,Cc1cnc(C(=O)NCCCCC(=O)Nc2ccccc2N)s1,6.954,0
CHEMBL3932658,Nc1ccccc1NC(=O)CCCCCNC(=O)CCC(=O)c1cccs1,0.6940000000000001,1
CHEMBL3670675,Nc1ccccc1NC(=O)c1ccc(CNC(=O)c2[nH]c(-c3ccc(O)cc3)cc2-c2ccoc2)cc1,0.273,1
CHEMBL3655949,Cc1cc(F)ccc1C(C)(C)Nc1ncc(C(=O)NO)cn1,12.297,0
CHEMBL4079625,O=C(CCCCCCC(=O)Nc1cc2ncnc(Nc3cccc(Br)c3)c2s1)NO,0.03377,1
CHEMBL4085511,COc1ccc(C(=O)N[C@@H](Cc2c[nH]c3ccccc23)C(=O)NCc2ccc(C(=O)Nc3ccccc3N)cc2)cc1,0.138,1
CHEMBL4068347,COc1ccc(C(=O)N[C@@H](Cc2c[nH]c3ccccc23)C(=O)Nc2ccc(C(=O)Nc3ccccc3N)cc2)cc1,0.22699999999999998,1
CHEMBL3675758,O=C(CCCCCCN(c1ccccn1)c1ccc2ccccc2n1)NO,0.062,1
CHEMBL3655981,O=C(NO)c1cnc(NC2CCOCC2)nc1,1.172,0
CHEMBL485968,CC(NC(=O)c1ccc(C(=O)C(F)(F)F)s1)c1ccncc1,1.5,0
CHEMBL3956946,Nc1ccccc1NC(=O)CCCCCNC(=O)c1ccccc1C1CCCCC1,1.3019999999999998,0
CHEMBL2046618,O=C(NCCCCN1CCc2nc(C(=O)NO)sc2C1)c1ccc(-c2ccccc2)s1,4.89,0
CHEMBL1088735,O=C(CCCCCCC(=O)Nc1cccc(-c2cn(Cc3ccc(O)cc3)nn2)c1)NO,0.0016600000000000002,1
CHEMBL523588,O=C(NCCc1ccccc1)c1ccc(C(=O)C(F)(F)F)s1,1.7,0
CHEMBL3656024,O=C(NO)c1cnc(NC2(c3cc(F)cc(F)c3)CCOCC2)nc1,1.219,0
CHEMBL3655982,O=C(NO)c1cnc(NCc2cccs2)nc1,0.361,1
CHEMBL3655957,CC(C)(Nc1ncc(C(=O)NO)cn1)c1ccc(Cl)c(Cl)c1,0.212,1
CHEMBL3655907,Cc1cc(F)cc(Nc2ncc(C(=O)NO)cn2)c1,0.193,1
CHEMBL4093691,COc1ccc2c(C(=O)c3cc(OC)c(OC)c(OC)c3)cn(Cc3ccc(C(=O)NO)cc3)c2c1,6.53,0
CHEMBL3655922,O=C(NO)c1cnc(NCCc2ccccc2Cl)nc1,0.495,1
CHEMBL498778,COc1ccc(CNC(=O)c2ccc(C(=O)C(F)(F)C(F)(F)F)s2)cc1,2.9,0
CHEMBL3939120,CC(C)Cc1sc(-c2nccs2)nc1C(=O)NCCCCCC(=O)NO,0.086,1
CHEMBL4079790,CC(C)C[C@@H]1N=C(c2ccccc2)c2ccccc2N(CCCCC(=O)NO)C1=O,0.57,1
CHEMBL3894753,Nc1ccccc1NC(=O)CCCCCNC(=O)c1cnnc2ccccc12,1.94,0
CHEMBL4070891,COc1ccc(C(=O)N[C@H](COc2ccc(/C=C/C(=O)NO)cc2OC)Cc2c[nH]c3ccccc23)cc1,0.0071,1
CHEMBL3655945,O=C(NO)c1cnc(NCCc2c(Cl)cccc2Cl)nc1,1.746,0
CHEMBL1767035,CNC(=O)/C(CCCCCCC(=O)Nc1cccc(Br)c1)=N\O,89.2,0
CHEMBL4095398,O=C(CCCCN1C(=O)[C@H](CCC(=O)NO)N=C(c2ccccc2)c2ccccc21)NO,2.57,0
CHEMBL3356526,CN1C(=O)CCC[C@H]1C(=O)N[C@@H](CCCCCS)C(=O)Nc1ccccc1,0.006999999999999999,1
CHEMBL4072557,O=C(CCCCN1C(=O)[C@H](Cc2cnc[nH]2)N=C(c2ccccc2)c2ccccc21)NO,1.32,0
CHEMBL3098602,O=C(CCCCC[C@H](NC(=O)[C@H]1CCC(=O)N1)C(=O)Nc1cccc(C(F)(F)F)c1)NO,0.002,1
CHEMBL3217996,C#Cc1cccc(Nc2ncnc3cc(NC(=O)c4ccc(C(=O)Nc5ccccc5N)cc4)ccc23)c1,0.5,1
CHEMBL3601333,Cc1ccc(Nc2nccc3ccc(NC(=O)CCCCCCC(=O)NO)cc23)cc1,0.004,1
CHEMBL3356933,O=C1CCC[C@@H](C(=O)N[C@@H](CCCCCS)C(=O)NCc2ccc(C(F)(F)F)cc2)N1,0.475,1
CHEMBL3910629,Nc1ccccc1NC(=O)CCCCCNC(=O)c1c[nH]c2ccccc12,0.033,1
CHEMBL3233687,O=C(/C=C/c1ccc(OC[C@H](Cc2c[nH]c3ccccc23)NC(=O)c2ccccc2)cc1)NO,0.0141,1
CHEMBL3927558,Nc1ccccc1NC(=O)CCCCCNC(=O)c1ccc(N2CCOCC2)cc1,0.10300000000000001,1
CHEMBL3942866,Nc1ccccc1NC(=O)CCCCCNC(=O)c1cc2c(Cl)cccc2[nH]1,0.027999999999999997,1
CHEMBL3808866,CNC(=O)CCCCC[C@H](NC(=O)c1cncs1)c1ncc(-c2ccc(-c3ccn[nH]3)cc2)[nH]1,0.33,1
CHEMBL3655976,O=C(NO)c1cnc(NC2(c3ccco3)CC2)nc1,0.345,1
CHEMBL3656017,O=C(NO)c1cnc(NC2(c3ccc(F)cc3)CCCC2)nc1,2.157,0
CHEMBL4074187,O=C(O)C[C@@H]1N=C(c2ccccc2)c2ccccc2N(CCCCC(=O)NO)C1=O,12.6,0
CHEMBL3655964,O=C(NO)c1cnc(NC2(c3cccc(F)c3)CC2)nc1,0.233,1
CHEMBL3356929,O=C1C[C@@H](C(=O)N[C@@H](CCCCCS)C(=O)Nc2ccccc2)N1,0.008,1
CHEMBL1767045,CNC(=O)/C(CCCCC[C@@H](C(=O)Nc1ccccc1)N(Cc1ccc(OC)cc1)C(=O)OC(C)(C)C)=N\O,49.4,0
CHEMBL3973971,Cn1nc(C(=O)NCCCCCC(=O)Nc2ccccc2N)c2ccccc21,0.054000000000000006,1
CHEMBL3601780,Cc1ccc(Nc2nccc3ccc(NCc4ccc(/C=C/C(=O)NO)cc4)cc23)c(Br)c1,0.63254,1
CHEMBL3910502,Nc1ccccc1NC(=O)CCCCCNC(=O)c1cc(-c2ccccc2)n[nH]1,0.18100000000000002,1
CHEMBL3913133,CC(C)(O)c1ccc(C(=O)NCCCCCC(=O)Nc2ccccc2N)cc1,0.254,1
CHEMBL3655950,O=C(NO)c1cnc(NC2(c3ccccc3)CC2)nc1,0.21899999999999997,1
CHEMBL3309286,CN1C(=O)CC(C)(C)c2cc(C(=O)NCCCCCCC(=O)NO)ccc21,0.027999999999999997,1
CHEMBL519668,O=C(CCCCCCC(=O)Nc1cccc(-c2cn(-c3ccccc3)nn2)c1)NO,0.0072,1
CHEMBL3915628,O=C(CCCCNC(=O)c1nc(-c2nccs2)sc1-c1cccc([N+](=O)[O-])c1)NO,0.364,1
CHEMBL3526942,Cc1[nH]c2cc(O)ccc2c1CCNCc1ccc(/C=C/C(N)=O)cc1,3.3,0
CHEMBL3957512,Nc1ccccc1NC(=O)CCCCCNC(=O)c1cccc2cc[nH]c12,0.036000000000000004,1
CHEMBL4062908,CCc1ccc(Nc2ncnc3cc(NC(=O)CCCCCCC(=O)NO)sc23)cc1,0.3569,1
CHEMBL3655997,O=C(NO)c1cnc(NC2(c3ccc4c(c3)OCO4)CC2)nc1,0.049,1
CHEMBL3947397,CC(C)Cc1sc(-c2cscn2)nc1C(=O)NCCCCC(=O)NO,0.35200000000000004,1
CHEMBL3983635,CC1(C)C(=O)N(c2ccc(C#N)c(C(F)(F)F)c2)C(=S)N1c1ccc(C(=O)NCCCCCC(=O)NO)c(F)c1,1.83,0
CHEMBL3760013,O=C(NCCCCCCS)c1cc(-c2cnccn2)n[nH]1,0.023,1
CHEMBL4079541,O=C(NO)c1ccc(CN(CCO)C(=O)Cc2ccccc2)cc1,2.1,0
CHEMBL3976630,CCC(CC)(c1ccc(OCCCC(=O)NO)c(C)c1)c1ccc(OC[C@H](O)C(C)(C)C)c(C)c1,9.83,0
CHEMBL3656001,O=C(NO)c1cnc(NC2(c3cc(F)cc(F)c3)CC2)nc1,0.316,1
CHEMBL3593247,CC(C)[C@@H]1NC(=O)[C@]2(C)CSC(=N2)c2csc(n2)CNC(=O)C[C@@H](/C=C/CCS)OC1=O,0.00278,1
CHEMBL3339032,O=C(CCCCCCC(=O)Nc1cc2c(Nc3ccc(N4CCCC4)c(F)c3)ncnc2s1)NO,0.01405,1
CHEMBL3934399,CCCOc1ccccc1C(=O)NCCCCCC(=O)Nc1ccccc1N,0.135,1
CHEMBL3655958,O=C(NO)c1cnc(NC2(c3ccc(F)cc3)CC2)nc1,0.12,1
CHEMBL1165082,CCCCS(=O)(=O)NCCCC[C@@H](C)[C@H]1CC[C@H]2/C(=C/C=C3C[C@@H](O)C[C@H](O)C3)CCC[C@@]21C,725.0,0
CHEMBL472631,O=C(/C=C/c1ccc(/C=N/OCCN2CCOCC2)cc1)NO,4.08,0
CHEMBL3287268,CC(C)/C=C/c1sc(-c2nccs2)nc1C(=O)NCCCCC(=O)NO,0.141,1
CHEMBL1767044,CNC(=O)/C(CCCCCCNC(=O)c1cc(-c2ccc(N)cc2)on1)=N/O,4.44,0
CHEMBL4092753,Nc1ccccc1NC(=O)c1ccc(NC(=O)CCN2C(=O)C3(OCCCO3)c3cc(Br)ccc32)cc1,0.019,1
CHEMBL561604,O=C(CCCCCC(c1c[nH]c2ccc([N+](=O)[O-])cc12)c1c[nH]c2ccc([N+](=O)[O-])cc12)NO,0.018000000000000002,1
CHEMBL3287263,O=C(CCCCNC(=O)c1nc(-c2nccs2)sc1CCOCc1ccccc1)NO,0.159,1
CHEMBL3938848,Nc1ccccc1NC(=O)/C=C/CCCNC(=O)c1ccc(F)cc1,0.348,1
CHEMBL3968223,Cn1cc(C(=O)NCCCCCC(=O)Nc2ccccc2N)c2ccccc21,0.055999999999999994,1
CHEMBL3110021,O=C(NO)[C@@H]1[C@H](c2ccccc2)[C@H]1c1ccc(-c2cnco2)cc1,12.0,0
CHEMBL3947603,Nc1ccccc1NC(=O)CCCCCNC(=O)c1cc(-c2ccsc2)on1,0.752,1
CHEMBL55895,O=C(CCCc1ccccc1)NO,2.0,0
CHEMBL3909922,Cc1ccc(C(=O)NCCCCCC(=O)Nc2ccc3c(c2N)OCO3)cc1,2.254,0
CHEMBL3946098,CN(C)c1cccc(C(=O)NCCCCCC(=O)Nc2ccccc2N)c1,0.131,1
CHEMBL3655968,O=C(NO)c1cnc(NC2(c3ccccc3C(F)(F)F)CC2)nc1,0.374,1
CHEMBL3891741,CC(C)C1(Nc2ncc(C(=O)NO)cn2)CCN(C(=O)OCc2ccccc2)CC1,0.879,1
CHEMBL3962351,Nc1ccccc1NC(=O)CCCCCNC(=O)c1cnc2ccccc2n1,0.456,1
CHEMBL4091731,NCCCC[C@@H]1N=C(c2ccccc2)c2ccccc2N(CCCCC(=O)NO)C1=O,0.95,1
CHEMBL3655992,O=C(NO)c1cnc(NC2(c3ccc(F)cc3F)CC2)nc1,0.026000000000000002,1
CHEMBL3898287,Nc1ccc(-c2cccs2)cc1NC(=O)CCCCCCNC(=O)c1cccnc1,20.0,0
CHEMBL3233696,O=C(/C=C/c1ccc(OC[C@H](Cc2c[nH]c3ccccc23)NC(=O)Cc2ccccc2)cc1)NO,0.14300000000000002,1
CHEMBL518821,O=C(c1ccc(-c2nc(COc3ccc(-c4nnco4)cc3)no2)s1)C(F)(F)F,0.38,1
CHEMBL3287250,CC(C)Cc1sc(-c2nccs2)nc1C(=O)NCCCCC(=O)NO,0.125683333,1
CHEMBL469134,O=C(CCCCc1cc(C(=O)NO)no1)Nc1nc(-c2ccccc2)cs1,0.03,1
CHEMBL2012815,CCC(=O)CCCCC[C@@H]1NC(=O)[C@H](C)NC(=O)C[C@H](CC(C)C)NC(=O)[C@H](Cc2cccc3ccccc23)NC1=O,0.032,1
CHEMBL3918869,CC(C)Cc1sc(-c2nccs2)nc1C(=O)NCCCCCC(=O)Nc1ccccc1N,4.3069999999999995,0
CHEMBL1076939,COc1cc(-n2cc(-c3cccc(NC(=O)CCCCCCC(=O)NO)c3)nn2)ccc1F,0.00339,1
CHEMBL3655932,COc1cc(F)ccc1CNc1ncc(C(=O)NO)cn1,0.303,1
CHEMBL3935992,O=C(NO)c1cnc(NC2(c3ccccc3)CCC(F)(F)CC2)nc1,4.38,0
CHEMBL2336043,CCCC(CCC)C(=O)N[C@H](COc1ccc(/C=C/C(=O)NO)cc1OC)Cc1c[nH]c2ccccc12,0.14375,1
CHEMBL3655978,O=C(NO)c1cnc(NC2(c3cccc(F)c3)CCCCC2)nc1,11.222999999999999,0
CHEMBL3758281,O=C(CCCCCC(=O)N/N=C/c1ccc(-c2ccncc2)cc1)NO,0.0018,1
CHEMBL550573,Cc1ccc(C(=O)NCC(=O)NCCC(=O)Nc2ccccc2N)cc1,4.3,0
CHEMBL3311472,O=C(CCCCCCNC(=O)c1ccc2c(c1)CCC(=O)N2)NO,0.085,1
CHEMBL235191,CC(=O)Nc1ccc(C(=O)Nc2ccccc2N)cc1,1.2,0
CHEMBL253868,Nc1ccc(-c2ccccc2)cc1NC(=O)c1ccc(CNC(=O)OCc2cccnc2)cc1,6.18,0
CHEMBL4074830,O=C(CCCNC(=O)C[C@@H]1N=C(c2ccccc2)c2ccccc2NC1=O)NO,3.21,0
CHEMBL3978857,CS(=O)(=O)c1ccc([S+]([O-])NCCCCCC(=O)Nc2ccccc2N)cc1,1.255,0
CHEMBL473271,Nc1ccc(-c2ccccc2F)cc1NC(=O)c1ccc(CN2CCC3(CCCN3)CC2)cc1,17.39,0
CHEMBL1163778,C[C@H](CCCCC(=O)NO)[C@H]1CC[C@H]2/C(=C/C=C3C[C@@H](O)C[C@H](O)C3)CCC[C@@]21C,14.5,0
CHEMBL3356920,O=C1CC[C@H](C(=O)N[C@H](CCCCCS)C(=O)Nc2ccccc2)N1,0.138,1
CHEMBL3664027,Nc1cc(F)ccc1NC(=O)c1cnc2c(ccn2CCN2CCOCC2)c1,0.193,1
CHEMBL3526395,C[C@@]12Nc3ccccc3[C@]1(O)CCN2Cc1ccc(/C=C/C(=O)NO)cc1,0.18,1
CHEMBL3969656,COc1ccc2c(c1)cc(C(=O)NCCCCCC(=O)Nc1ccccc1N)n2C,0.10800000000000001,1
CHEMBL3655942,O=C(NO)c1cnc(NC(c2ccccc2)c2ccccc2)nc1,0.237,1
CHEMBL4070647,CC(C)(C)Oc1ccc(C[C@@H]2N=C(c3ccccc3)c3ccccc3N(CCCCC(=O)NO)C2=O)cc1,0.85,1
CHEMBL3656013,O=C(NO)c1cnc(NC2(c3ccc(F)cc3Cl)CC2)nc1,0.057999999999999996,1
CHEMBL3656004,O=C(NO)c1cnc(NC2(c3ccc(C(F)(F)F)cc3)CC2)nc1,0.344,1
CHEMBL3923995,Cc1cnc(-c2nc(C(=O)NCCCCC(=O)NO)c(CC(C)C)s2)s1,0.262,1
CHEMBL4083033,O=C(CCCCN1C(=O)[C@H](Cc2ccc(O)cc2)N=C(c2ccccc2)c2ccccc21)NO,5.29,0
CHEMBL497332,CN(Cc1ccc2nccnc2c1)C(=O)c1ccc(C(=O)C(F)(F)F)s1,0.67,1
CHEMBL3972758,CN(C(=O)N1CCC(Nc2ncc(C(=O)NO)cn2)(c2ccccc2)CC1)c1ccccc1,1.624,0
CHEMBL3655938,O=C(NO)c1cnc(NCc2ccccc2-c2ccccc2)nc1,0.631,1
CHEMBL2063395,CCC[C@@H]1NC(=O)[C@H](C)NC(=O)C[C@H](CC(C)C)NC(=O)[C@H](Cc2c[nH]c3ccccc23)NC1=O,1.44,0
CHEMBL473479,Nc1ccc(-c2cccs2)cc1NC(=O)c1ccc(C(=O)N2CCC3(CCCN3)CC2)cc1,4.33,0
CHEMBL569446,CC(C)C[C@H]1CC(=O)NC(C)(C)C(=O)N[C@@H](CCCCCC(=O)O)C(=O)N[C@@H](Cc2cccc3ccccc23)C(=O)N1,0.97,1
CHEMBL3940561,CN1CCN(c2ccc(C(=O)NCCCCCC(=O)Nc3ccccc3N)cc2)CC1,0.094,1
CHEMBL3943942,COCCOc1ccccc1C(=O)NCCCCCC(=O)Nc1ccccc1N,0.642,1
CHEMBL3955013,CC1(C)C(=O)N(c2ccc(C#N)c(C(F)(F)F)c2)C(=S)N1c1ccc(C(=O)Nc2ccccc2N)c(F)c1,5.4,0
CHEMBL3339020,O=C(CCCCCCC(=O)Nc1cc2c(Nc3cccc(Cl)c3)ncnc2s1)NO,0.00646,1
CHEMBL3655999,O=C(NO)c1cnc(NC2(c3ccccc3)CCC2)nc1,0.521,1
CHEMBL3652236,O=C(NO)c1cnc(Nc2c(F)c(F)cc(F)c2F)nc1,0.6,1
CHEMBL3655931,O=C(NO)c1cnc(NCc2c(Cl)cccc2Cl)nc1,0.401,1
CHEMBL3339017,O=C(CCCCCCC(=O)Nc1cc2c(Nc3ccc(Br)cc3F)ncnc2s1)NO,0.01188,1
CHEMBL561209,COc1ccc(-c2ccc(/C=C/C(=O)NO)cc2)cc1,84.5,0
CHEMBL3752134,O=C(/C=C/c1ccc(CNc2nccc(-c3cccnc3)n2)cc1)NO,0.113,1
CHEMBL3891027,CCCCCC[C@@H](CCCCCC(=O)Nc1ccccc1)C(=O)NO,530.0,0
CHEMBL3961784,Nc1ccccc1NC(=O)/C=C/CCCNC(=O)c1ccc(N2CCOCC2)cc1,0.485,1
CHEMBL3670680,O=C(NO)c1ccc(CNC(=O)c2[nH]c(-c3cccnc3)cc2-c2ccc(F)cc2)cc1,5.83,0
CHEMBL1093359,Cc1ccc(NC(=O)CCCCC(=O)NO)cc1C,0.055999999999999994,1
CHEMBL3915015,Nc1ccccc1NC(=O)CCCCCNC(=O)c1cccc2cn[nH]c12,0.099,1
CHEMBL3770531,O=C(NCCCCCC(=O)C(F)(F)F)c1nc(-c2nccs2)sc1C1CC1,0.15145,1
CHEMBL4083761,CC(C)(C)OC(=O)n1c(C[C@@H]2N=C(c3ccccc3)c3ccccc3N(CCCCC(=O)NO)C2=O)cc2ccccc21,5.21,0
CHEMBL1076794,Cc1ccccc1NC(=O)CCCCC(=O)NO,1.348,0
CHEMBL3656003,Cc1cccc(C2(Nc3ncc(C(=O)NO)cn3)CC2)c1,0.099,1
CHEMBL490018,CC(/C=C/c1ccccc1)=C\C(=O)NCCCCCC(=O)NO,0.0053,1
CHEMBL3968356,CC(C)(C)OC(=O)NCc1nc(-c2nc(C(=O)NCCCCCC(=O)NO)cs2)cs1,0.174,1
CHEMBL326433,O=C(CCCCCCCS)Nc1ccccc1,0.11,1
CHEMBL468595,Nc1cccc(-c2cc(C(=O)NCCCCCCC(=O)NO)no2)c1,0.00404,1
CHEMBL3960647,CCCc1ccc(C(=O)NCCCCCC(=O)Nc2ccccc2N)cc1,0.127,1
CHEMBL3339027,CCN(CC)c1ccc(Nc2ncnc3sc(NC(=O)CCCCCCC(=O)NO)cc23)cc1,0.03972,1
CHEMBL3309291,CC1(C)CC(=O)Nc2ccc(C(=O)NCc3ccc(/C=C/C(=O)NO)cc3)cc21,0.065,1
CHEMBL235674,Nc1ccc(-c2cccs2)cc1NC(=O)c1ccc(CNC(=O)OCc2cccnc2)cc1,27.71,0
CHEMBL3900619,Cc1nc(-c2ccccn2)sc1C(=O)NCCCCCC(=O)Nc1ccccc1N,0.185,1
CHEMBL3959685,C=Cc1sc(-c2nccs2)nc1C(=O)NCCCNC(=O)CS,2.245,0
CHEMBL3655959,O=C(NO)c1cnc(NC2(c3ccccc3F)CC2)nc1,0.022000000000000002,1
CHEMBL3601776,O=C(COc1ccc(C(=O)NO)cc1)Nc1ccc2ccnc(Nc3ccc4ccccc4c3)c2c1,0.27574,1
CHEMBL3655975,O=C(NO)c1cnc(NC2(c3cccs3)CC2)nc1,4.252,0
CHEMBL3970532,Cc1ccc(C(=O)NCCCCCC(=O)Nc2ccccc2N)cc1,0.3,1
CHEMBL3655910,O=C(NO)c1cnc(Nc2cc(Cl)cc(OC(F)(F)F)c2)nc1,0.745,1
CHEMBL3891420,O=C(NO)c1cnc(NC2(c3ccccc3)CCN(C(=O)Cc3c[nH]c4ccccc34)CC2)nc1,0.024,1
CHEMBL3934705,O=C(CCCNC(=O)c1nc(-c2nccs2)sc1C1CC1)NO,3.818,0
CHEMBL3218000,C#Cc1cccc(Nc2ncnc3ccc(OCc4ccc(C(=O)Nc5ccccc5N)cc4)cc23)c1,0.55,1
CHEMBL1091474,O=C(CCCCCCC(=O)Nc1cccc(-c2cn(-c3ccc(F)cc3)nn2)c1)NO,0.0181,1
CHEMBL485771,O=C(c1ccc(C(=O)C(F)(F)F)s1)N1CCC(c2nnc(-c3ccccc3)o2)CC1,2.8,0
CHEMBL3664037,Nc1ccc(F)cc1NC(=O)c1cnc2cc(N3CCNCC3)ccc2c1,0.308,1
CHEMBL524024,O=C(NCC1CCCCC1)c1cnc(C(=O)C(F)(F)F)s1,7.6,0
CHEMBL4079609,O=C(O)CC[C@@H]1N=C(c2ccccc2)c2ccccc2N(CCCCC(=O)NO)C1=O,8.71,0
CHEMBL3987006,Cc1ccc2[nH]c(C(=O)NCCCCCC(=O)Nc3ccccc3N)cc2c1,0.027000000000000003,1
CHEMBL4066043,O=C(NO)c1ccc(CC(=O)N(CCO)c2ccccc2)cc1,1.7,0
CHEMBL3339031,O=C(CCCCCCC(=O)Nc1cc2c(Nc3ccc(N4CCCCC4)c(F)c3)ncnc2s1)NO,0.008190000000000001,1
CHEMBL3920131,Nc1cc(F)ccc1NC(=O)CCCCCNC(=O)c1nccs1,2.3,0
CHEMBL3287022,Cc1nc(-c2nc(C(=O)NCCCCC(=O)NO)cs2)cs1,0.3825,1
CHEMBL3655990,O=C(NO)c1cnc(NC2(c3cccc(C(F)(F)F)c3)CC2)nc1,0.099,1
CHEMBL3923499,Cc1ccc(NC(=O)N2CCC(Nc3ncc(C(=O)NO)cn3)(c3ccccc3)CC2)cc1,0.693,1
CHEMBL3909083,Cc1ccc2cc(C(=O)NCCCCCC(=O)Nc3ccccc3N)[nH]c2c1,0.032,1
CHEMBL3907413,CC(C)C[C@H](C(=O)N1CCC(Nc2ncc(C(=O)NO)cn2)(c2ccccc2)CC1)c1ccccc1,0.914,1
CHEMBL3975640,Nc1ccccc1NC(=O)CCCCCNC(=O)c1cc2cccc(F)c2[nH]1,0.040999999999999995,1
CHEMBL3109983,O=C(NO)[C@@H]1[C@H](c2ccccc2)[C@H]1c1ccc2c(c1)CN(CC(F)(F)F)C2=O,16.0,0
CHEMBL2046616,O=C(/C=C/c1ccccc1)NCCCCN1CCc2nc(C(=O)NO)sc2C1,26.39,0
CHEMBL3893715,Nc1ccccc1NC(=O)CCCCCNC(=O)c1ccsc1,0.233,1
CHEMBL4071528,N#Cc1cccc(Nc2ncnc3cc(NC(=O)CCCCCCC(=O)NO)sc23)c1,0.0198,1
CHEMBL3948150,Nc1ccccc1NC(=O)CCCCCNC(=O)c1cc2ccccc2o1,0.308,1
CHEMBL3758735,O=C(CCCCCC(=O)N/N=C/c1ccc(-c2cccs2)cc1)NO,0.0016,1
CHEMBL3735995,C[C@]12CC[C@@H]3c4ccc(O)cc4C[C@@H](CCCCCCCCCCC(=O)Nc4ccccc4N)[C@H]3[C@@H]1CC[C@@H]2O,3.18,0
CHEMBL4098136,COc1ccc(C(=O)N[C@H](COc2ccc(/C=C/C(=O)Nc3ccccc3N)cc2)Cc2c[nH]c3ccccc23)cc1,0.261,1
CHEMBL3655941,O=C(NO)c1cnc(NCCc2ccccc2-c2ccccc2)nc1,0.873,1
CHEMBL3287020,Cc1nc(-c2nc(C(=O)N[C@H](C(=O)NCCCC(=O)NO)C(C)C)cs2)cs1,1.5785,0
CHEMBL3593413,CC(C)[C@@H]1NC(=O)[C@]2(C)CSC(=N2)c2cccc(n2)CNC(=O)C[C@@H](/C=C/CCS)NC1=O,0.0425,1
CHEMBL3984296,Nc1ccccc1NC(=O)CCCCCNC(=O)c1ccc2c(c1)NC(=O)C2,0.5589999999999999,1
CHEMBL3929319,CC(=O)N1CCC(Nc2ncc(C(=O)NO)cn2)(c2ccccc2)CC1,0.84,1
CHEMBL3309300,CC1(C)CC(=O)Nc2ccc(C(=O)NC[C@H]3CC[C@@H](CCC(=O)NO)CC3)cc21,0.087,1
CHEMBL3929537,CCC(CC)(c1ccc(OCC(=O)NO)c(C)c1)c1cc(C)c(CCC(O)C(C)(C)C)s1,30.5,0
CHEMBL4069828,C[C@@H](O)[C@@H]1N=C(c2ccccc2)c2ccccc2N(CCCCC(=O)NO)C1=O,1.8,0
CHEMBL405072,Nc1ccccc1NC(=O)c1ccccc1,2.8,0
CHEMBL3907690,Nc1ccccc1NC(=O)CCCCCNC(=O)c1ccnnc1,2.377,0
CHEMBL3978733,Nc1ccccc1NC(=O)CCCCCNC(=O)c1cc2cc(Cl)ccc2[nH]1,0.02,1
CHEMBL1094707,O=C(CCCCCCC(=O)Nc1cccc(-c2cn(C3CCCCC3)nn2)c1)NO,0.0037,1
CHEMBL3984885,CC(C)=Cc1sc(-c2nccs2)nc1C(=O)NCCCNC(=O)CS,0.315,1
CHEMBL4102833,O=C(CCCC(CCC(=O)Nc1ccccc1)Cc1ccccc1)NO,5.8,0
CHEMBL3985895,Nc1ccccc1NC(=O)CCCCCNC(=O)c1ccc(-n2cccc2)cc1,0.185,1
CHEMBL3970364,Nc1ccccc1NC(=O)CCCCCNC(=O)c1cccc(C(F)(F)F)c1,0.4,1
CHEMBL3417211,COc1cc2c(c(OC)c1OC)-c1ccc(OC)c(=O)cc1[C@@H](NC(=O)c1cccc(C(=O)Nc3ccccc3N)c1)CC2,10.78,0
CHEMBL3356523,O=C1CCC[C@@H](C(=O)N[C@@H](CCCCCS)C(=O)Nc2ccccc2)N1,0.01,1
CHEMBL3969468,Nc1ccccc1NC(=O)CCCCCNC(=O)c1ccc(F)cc1,0.7,1
CHEMBL3655926,O=C(NO)c1cnc(NCCc2c[nH]c3ccccc23)nc1,0.107,1
CHEMBL3973794,CCOc1cccc2[nH]c(C(=O)NCCCCCC(=O)Nc3ccccc3N)cc12,0.07200000000000001,1
CHEMBL4113844,CC(C)C[C@@H](C(=O)N1CCC(Nc2ncc(C(=O)NO)cn2)(c2ccccc2)CC1)c1ccccc1,0.114,1
CHEMBL3655925,O=C(NO)c1cnc(NCCc2cccc(Cl)c2)nc1,0.13,1
CHEMBL3981202,Nc1ccc(-c2ccccc2)cc1NC(=O)c1ccc2c(c1)cc(C1CC1)n2CCN1CCOCC1,0.6890000000000001,1
CHEMBL3317810,C[C@@]12CSC(=N1)c1csc(n1)CNC(=O)C[C@@H](/C=C/CCS)OC(=O)[C@H](Cc1ccccc1)NC2=O,0.0006799999999999999,1
CHEMBL3902539,O=C(CCCCNC(=O)c1nc(-c2nc3c(s2)CCCC3)sc1C1CC1)NO,0.063,1
CHEMBL471043,COC(=O)c1ccc(CO/N=C/c2ccc(/C=C/C(=O)NO)cc2)cc1,0.659,1
CHEMBL3655947,CC(C)(Nc1ncc(C(=O)NO)cn1)c1ccc(F)cc1F,1.3130000000000002,0
CHEMBL3656008,COc1ccc(Cl)cc1C1(Nc2ncc(C(=O)NO)cn2)CC1,0.782,1
CHEMBL1631914,COc1cc2cc(c1)COc1ccccc1NC(=O)[C@H](CCCCCC(=O)NO)OC/C=C\2,0.0557,1
CHEMBL3960364,O=C(CCCCNC(=O)c1nc(-c2nc3c(s2)CCCCCC3)sc1C1CC1)NO,0.17600000000000002,1
CHEMBL496511,CN(Cc1ccccc1)Cc1ccc(C(=O)C(F)(F)F)s1,4.6,0
CHEMBL3356527,O=C(Nc1ccccc1)[C@H](CCCCCS)NC(=O)[C@@H]1CCCNC1=O,0.003,1
CHEMBL3897087,Nc1ccccc1NC(=O)CCCCCNC(=O)c1ccc(OC(F)(F)F)cc1,0.133,1
CHEMBL3975964,Nc1ccccc1NC(=O)CCCCCNC(=O)c1ccc(F)cc1F,0.486,1
CHEMBL1093041,CCc1cccc(NC(=O)CCCCC(=O)NO)c1,0.035,1
CHEMBL3417213,COc1cc2c(c(OC)c1OC)-c1ccc(OC)c(=O)cc1[C@@H](NCc1ccc(C(=O)Nc3ccccc3N)cc1)CC2,11.23,0
CHEMBL469275,CC(C)(C)OC(=O)Nc1cccc(-c2cc(C(=O)NCCCCC(=O)NO)no2)c1,0.0836,1
CHEMBL3098691,O=C(CCCCC[C@H](NC(=O)[C@@H]1CCC(=O)N1)C(=O)Nc1ccccc1)NO,0.062,1
CHEMBL3217993,Nc1ccccc1NC(=O)c1ccc(COc2ccc3ncnc(Nc4cccc(Br)c4)c3c2)cc1,0.51,1
CHEMBL4104247,O=C(NO)c1ccc(CN2c3ccccc3S(=O)(=O)C[C@H]3CCCC[C@H]32)cc1,24.0,0
CHEMBL3968125,CCC(CC)(c1ccc(OCC(O)C(C)(C)C)c(C)c1)c1cc(C)c(CCC(=O)NO)s1,47.3,0
CHEMBL3235790,N#CCc1ccc(-c2ccc(/C=C/C(=O)NO)cc2Cl)cc1C12CC3CC(CC(C3)C1)C2,340.0,0
CHEMBL470843,O=C(/C=C/c1ccc(-c2cc(CN3CCOCC3)on2)cc1)NO,3.14,0
CHEMBL4083750,Cc1cc(F)ccc1Nc1ncnc2cc(NC(=O)CCCCCCC(=O)NO)sc12,0.19662000000000002,1
CHEMBL2390996,O=C(/C=C/c1ccc2c(c1)C(=O)CC1(CCN(CCc3ccccc3)CC1)O2)NO,0.13,1
CHEMBL3949667,COc1cccc2cc(C(=O)NCCCCCC(=O)Nc3ccccc3N)[nH]c12,0.055,1
CHEMBL3287259,O=C(CCCCNC(=O)c1nc(-c2nccs2)sc1-c1ccc(F)cc1Cl)NO,0.5885,1
CHEMBL3670669,COc1ccc(-c2cc(-c3ccccc3)[nH]c2C(=O)NCc2ccc(C(=O)Nc3ccccn3)cc2)cc1,0.0461,1
CHEMBL3339015,O=C(CCCCCCC(=O)Nc1cc2c(Nc3ccc(F)cc3F)ncnc2s1)NO,0.01685,1
CHEMBL3110016,O=C(NO)[C@@H]1[C@H](c2ccccc2)[C@H]1c1cccc(-c2ncc(F)cn2)c1,26.0,0
CHEMBL1094710,O=C(CCCCCCC(=O)Nc1cccc(-n2cc(C3CCCCC3)nn2)c1)NO,0.0053,1
CHEMBL3980389,Nc1ccccc1NC(=O)CCCCCNC(=O)c1cc2c(OC(F)F)cccc2[nH]1,0.052000000000000005,1
CHEMBL1672332,CCCC(=O)NO,10.0,0
CHEMBL1631912,O=C(CCCCCC1OCCCCCCCOc2ccccc2NC1=O)NO,0.24,1
CHEMBL3947446,Nc1ccccc1NC(=O)CCCCCNC(=O)c1ccco1,0.331,1
CHEMBL564382,O=C(/C=C/c1ccc(C(c2c[nH]c3ccccc23)c2c[nH]c3ccccc23)cc1)NO,0.44,1
CHEMBL3655991,COc1ccc(C2(Nc3ncc(C(=O)NO)cn3)CCCCC2)cc1,3.944,0
CHEMBL3287019,Cc1nc(-c2nc(C(=O)N[C@H](C(=O)NCCC(=O)NO)C(C)C)cs2)cs1,2.219,0
CHEMBL2431901,Cn1cccc1C(=O)N1CCc2cc(C(=O)NO)ccc2C1,46.0,0
CHEMBL3339019,O=C(CCCCCCC(=O)Nc1cc2c(Nc3cccc(Cl)c3F)ncnc2s1)NO,0.01463,1
CHEMBL4101744,O=C(CCCCCCC(=O)Nc1cc2ncnc(Nc3ccc(F)cc3F)c2s1)NO,0.09987,1
CHEMBL1091487,COc1ccc(NC(=O)CCCCC(=O)NO)cc1,0.13699999999999998,1
CHEMBL3287267,C=Cc1sc(-c2nccs2)nc1C(=O)NCCCCC(=O)NO,0.319333333,1
CHEMBL3655933,CC(C)(Nc1ncc(C(=O)NO)cn1)c1ccccc1,2.214,0
CHEMBL3960543,Cc1ccc(C(=O)NCCCCCC(=O)Nc2ccccc2O)cc1,0.22,1
CHEMBL4090313,Nc1ccccc1NC(=O)c1ccc(CNC(=O)CN2C(=O)C3(OCCCO3)c3cc(Cl)ccc32)cc1,0.096,1
CHEMBL235842,CC(=O)Nc1ccc(C(=O)Nc2cc(-c3cccs3)ccc2N)cc1,5.199,0
CHEMBL3218001,C#Cc1cccc(Nc2ncnc3ccc(S(=O)(=O)n4ccc(/C=C/C(=O)Nc5ccccc5N)c4)cc23)c1,0.84,1
CHEMBL3905310,Nc1ccccc1NC(=O)CCCCCNC(=O)c1n[nH]c2ccccc12,0.092,1
CHEMBL3951862,CNC(=O)N1CCC(Nc2ncc(C(=O)NO)cn2)(c2ccccc2)CC1,0.987,1
CHEMBL3339025,Cc1ccc(Nc2ncnc3sc(NC(=O)CCCCCC(=O)NO)cc23)cc1C,0.014740000000000001,1
CHEMBL3953058,COc1ccc(C(=O)NCCC/C=C/C(=O)Nc2ccccc2N)cc1,0.228,1
CHEMBL3774414,COc1ccc(N(C)c2nc(C)nc3ccccc23)cc1OCCCC(=O)NO,0.439,1
CHEMBL4087897,COc1ccc(-c2cc(-c3ccoc3)c(C(=O)NCc3ccc(C(=O)NO)cc3)[nH]2)cc1,0.08,1
CHEMBL3309298,CC1(C)CC(=O)Nc2ccc(C(=O)NC[C@H]3CC[C@H](CCC(=O)NO)CC3)cc21,0.08900000000000001,1
CHEMBL468842,CC(=O)Nc1ccc(-c2cc(C(=O)NCCCCCCC(=O)NO)no2)cc1,0.018000000000000002,1
CHEMBL3593627,O=C(CCN1C(=O)C2(OCCCO2)c2cc(Br)ccc21)Nc1ccc(C(=O)NO)cc1,0.02501,1
CHEMBL435160,O=C(CCCCCC(Cc1ccccc1)C(=O)NO)Nc1ccccc1,91.0,0
CHEMBL3670676,O=C(NO)c1ccc(CNC(=O)c2[nH]c(-c3ccccc3)cc2-c2ccc(F)c(F)c2)cc1,0.732,1
CHEMBL3907742,C=CCc1ccccc1C(=O)NCCCCCC(=O)Nc1ccccc1N,0.847,1
CHEMBL3925574,C/C=C/c1sc(-c2nccs2)nc1C(=O)NCCCNC(=O)CS,0.728,1
CHEMBL3952593,O=C(CCCCNC(=O)c1nc(-c2ncc([N+](=O)[O-])s2)sc1C1CC1)NO,2.9130000000000003,0
CHEMBL3233708,O=C(/C=C/c1ccc(OC[C@H](Cc2c[nH]c3ccccc23)NCc2ccc(Cl)cc2)cc1)NO,0.047,1
CHEMBL3622729,C/C=C1\NC(=O)c2csc(n2)CNC(=O)C[C@@H](/C=C/CCS)OC(=O)[C@H](C(C)C)NC1=O,0.007670000000000001,1
CHEMBL2204664,CC(C)(C)C(CCCCC(=O)NO)CC(=O)Nc1ccccc1,5.4,0
CHEMBL3356915,O=C(Nc1ccccc1)[C@H](CCCCCS)NC(=O)[C@H]1CCCNC1=O,0.005,1
CHEMBL3961745,COc1cccc2[nH]c(C(=O)NCCCCCC(=O)Nc3ccccc3N)cc12,0.036000000000000004,1
CHEMBL3356916,Cc1cccc(NC(=O)[C@H](CCCCCS)NC(=O)[C@@H]2CCCC(=O)N2)c1,0.001,1
CHEMBL3335283,O=C(CCCCc1ccn(Cc2cccc(-c3ccccc3)c2)n1)NO,0.068,1
CHEMBL3948651,Nc1ccccc1NC(=O)CCCCCNC(=O)c1ccno1,2.323,0
CHEMBL585164,[N-]=[N+]=NCc1cc(COc2ccc(NC(=O)CCCCCCC(=O)NO)cc2)cc(N=[N+]=[N-])c1,1.48,0
CHEMBL2417784,Cc1onc(-c2ccccc2)c1C(=O)NCCCCCNC(=O)[C@@H](C)S,15.0,0
CHEMBL3758901,O=C(/C=C/c1ccc2c(c1)C(=O)CC1(CCN(Cc3ccccc3)C1)O2)NO,0.027999999999999997,1
CHEMBL4084736,O=C(CCCCN1C(=O)[C@@H](CS)N=C(c2ccccc2)c2ccccc21)NO,0.18,1
CHEMBL3917862,Nc1ccccc1NC(=O)CCCCNC(=O)C1=NN=C(c2ccccc2)C1,1.3030000000000002,0
CHEMBL2046608,C=CCCC(=O)Nc1ccc(C(=O)N2CCc3nc(C(=O)NO)sc3C2)cc1,9.38,0
CHEMBL3670664,COc1ccc(-c2cc(-c3ccccc3)[nH]c2C(=O)Nc2cccc(CC(=O)NO)c2)cc1,0.298,1
CHEMBL2046619,C=CCCC(=O)Nc1ccc(C(C)N2CCc3nc(C(=O)NO)sc3C2)cn1,19.2,0
CHEMBL3339023,Cc1ccc(Nc2ncnc3sc(NC(=O)CCCCCC(=O)NO)cc23)cc1,0.00933,1
CHEMBL3914604,Nc1ccc(-c2ccncc2)cc1NC(=O)c1cnc2c(c1)cc(C1CC1)n2CCN1CCOCC1,0.247,1
CHEMBL3912702,COc1ccc(C(=O)NCCCCC(=O)Nc2ccccc2N)c(OC)n1,9.191,0
CHEMBL3317816,CC(C)(C)OC(=O)NCC[C@@H]1NC(=O)[C@]2(C)CSC(=N2)c2csc(n2)CNC(=O)C[C@@H](/C=C/CCS)OC1=O,0.0042,1
CHEMBL3110001,O=C(NO)[C@@H]1[C@H](c2ccccc2)[C@H]1c1ccc2nccnc2c1,8.9,0
CHEMBL4086244,O=C(CCCCCCC(=O)Nc1cc2ncnc(Nc3cccc(F)c3)c2s1)NO,0.06451,1
CHEMBL3919448,O=C(NO)c1ccc(CNC(=O)c2nc(-c3nc4c(s3)CCCC4)sc2C2CC2)cc1,0.075,1
CHEMBL3655967,O=C(NO)c1cnc(NC2(c3ccccc3Cl)CC2)nc1,0.040999999999999995,1
CHEMBL511749,CC(C)(C)OC(=O)Nc1ccc(-c2cc(C(=O)NCCCCCCC(=O)NO)no2)cc1,0.09521,1
CHEMBL4061259,O=C(CCCNC(=O)CC[C@@H]1N=C(c2ccccc2)c2ccccc2NC1=O)NO,5.17,0
CHEMBL3656011,Cc1cc(C2(Nc3ncc(C(=O)NO)cn3)CC2)ccc1F,0.064,1
CHEMBL3921050,COc1ccccc1C(=O)NCCCCCC(=O)Nc1ccccc1N,0.086,1
CHEMBL556332,O=C(/C=C/c1ccc(-c2ccc(O)cc2)cc1)NO,4.57,0
CHEMBL484489,O=C(/C=C/c1ccc(Cl)cc1F)NCCCCCC(=O)NO,0.0049,1
CHEMBL3655996,Cc1ccccc1C1(Nc2ncc(C(=O)NO)cn2)CC1,0.11900000000000001,1
CHEMBL3655940,O=C(NO)c1cnc(NC23CC4CC(CC(C4)C2)C3)nc1,1.085,0
CHEMBL3883667,Cc1ccc(-c2cc(C(=O)NCCCCCC(=O)NO)nn2-c2ccc(S(N)(=O)=O)cc2)cc1,0.191,1
CHEMBL3827993,Nc1ccc(-c2ccc(F)cc2)cc1NC(=O)C1Cc2ccccc2CO1,25.9,0
CHEMBL3356524,O=C1CCC[C@H](C(=O)N[C@@H](CCCCCS)C(=O)Nc2ccccc2)N1,0.006,1
CHEMBL1631916,COc1cc2cc(c1)COc1ccccc1NC(=O)C(CCCCCC(=O)NO)OCCC2,0.24600000000000002,1
CHEMBL3655934,O=C(NO)c1cnc(NCc2c(CO)cccc2CO)nc1,0.382,1
CHEMBL3655936,O=C(NO)c1cnc(NCc2ccc(F)c(Cl)c2)nc1,0.043,1
CHEMBL3356525,O=C1CCC[C@@H](C(=O)N[C@H](CCCCCS)C(=O)Nc2ccccc2)N1,17.1,0
CHEMBL513568,Nc1ccc(-c2cccs2)cc1NC(=O)c1ccc(N2CCC3(CCNC3)CC2)nc1,1260.0,0
CHEMBL3670665,O=C(NO)c1ccc(CNC(=O)c2[nH]c(-c3ccc(O)cc3)cc2-c2ccsc2)cc1,0.5123,1
CHEMBL3983993,Nc1ccccc1NC(=O)CCCCCNC(=O)c1ccc(CO)cc1,0.315,1
CHEMBL3347516,Nc1ccccc1NC(=O)CCCCCCC(=O)Nc1ccccc1N,0.988,1
CHEMBL3958748,Nc1ccc(-c2ccccc2)nc1NC(=O)c1cnc2cc(N3CCNCC3)ccc2c1,0.7979999999999999,1
CHEMBL3919822,Nc1ccccc1NC(=O)CCCCCNC(=O)c1cc2ccccc2[nH]1,0.033,1
CHEMBL3936525,Nc1ccccc1NC(=O)CCCCCNC(=O)c1ccccc1F,0.184,1
CHEMBL3356932,O=C(CCCCCCS)NCc1ccc(C(F)(F)F)cc1,2.71,0
CHEMBL3655924,O=C(NO)c1cnc(NCCc2ccccc2)nc1,0.326,1
CHEMBL4072618,CSCC[C@@H]1N=C(c2ccccc2)c2ccccc2N(CCCCC(=O)NO)C1=O,0.43,1
CHEMBL3828396,Nc1ccc(-c2ccc(F)cc2)cc1NC(=O)C1CCOCC1,1.09,0
CHEMBL483892,O=C(CCCCCCC(=O)Nc1cccc(-c2cn(Cc3ccc(F)cc3)nn2)c1)NO,0.004,1
CHEMBL3664029,Nc1cc(F)ccc1NC(=O)c1cnc2c(C3CC3)c(N3CCNCC3)ccc2c1,0.057,1
CHEMBL3759982,O=C(CCCCCC(=O)N/N=C/c1ccc(-c2ccccc2)cc1)NO,0.0034,1
CHEMBL3915917,Cc1ccc(C(=O)NCCCCCC(=O)Nc2ccc(F)cc2O)cc1,0.07,1
CHEMBL3983762,Nc1ccccc1NC(=O)CCCCCNC(=O)c1ccnc(N2CCCCC2)c1,0.9790000000000001,1
CHEMBL3356938,O=C(CCCCCCS)N1CCc2ccccc2C1,35.8,0
CHEMBL519746,O=C(CCCCCCC(=O)Nc1ccc(-c2cnnn2Cc2ccccc2)cc1)NO,0.0097,1
CHEMBL3110005,O=C(NO)C1[C@H](c2ccccc2)[C@H]1c1ccccc1,33.0,0
CHEMBL3356928,O=C(Nc1ccccc1)[C@H](CCCCCS)NC(=O)[C@H]1C(=O)NC[C@H]1c1ccccc1,0.07200000000000001,1
CHEMBL1093357,Cc1ccc(C)c(NC(=O)CCCCC(=O)NO)c1,1.3459999999999999,0
CHEMBL3311471,O=C(CCCCCCNC(=O)c1ccc2[nH]c(=O)ccc2c1)NO,0.18,1
CHEMBL1767043,CNC(=O)/C(CCCCCCNC(=O)c1cc(-c2cccc(N)c2)on1)=N/O,1.88,0
CHEMBL466215,COc1ccc2[nH]c(C)c(CC(=O)N[C@@H](CCCCCC(N)=O)c3ncc(-c4ccc5ccccc5c4)[nH]3)c2c1,0.25,1
CHEMBL2442791,COc1cc([C@@H]2c3cc4c(cc3[C@@H](Nc3ccc(OCCCC(=O)NO)cc3)[C@H]3COC(=O)[C@@H]32)OCO4)cc(OC)c1O,0.193,1
CHEMBL3601334,O=C(CCCCCCC(=O)Nc1ccc2ccnc(Nc3ccc4ccccc4c3)c2c1)NO,0.00542,1
CHEMBL2046622,CC(c1ccc(NC(=O)c2ccc(-c3ccccc3)s2)nc1)N1CCc2nc(C(=O)NO)sc2C1,1.94,0
CHEMBL1087053,Nc1ccccc1NC(=O)CCCCCCC(=O)Nc1cccc(-n2cc(-c3ccccc3)nn2)c1,0.122,1
CHEMBL3652240,O=C(NO)c1cnc(Nc2c(Cl)cccc2Cl)nc1,16.328,0
CHEMBL499776,Nc1ccccc1NC(=O)c1ccc(N2CCC3(CCNC3)CC2)nc1,340.0,0
CHEMBL3655972,O=C(NO)c1cnc(NC2(c3ccccc3)CCOCC2)nc1,2.272,0
CHEMBL3771366,CC(C)Cc1sc(-c2nccs2)nc1C(=O)NCCCCC(=O)C(F)(F)F,0.11345,1
CHEMBL3664038,Nc1ccc(F)cc1NC(=O)c1ccc2nc(N3CCNCC3)ccc2c1,0.315,1
CHEMBL3655948,CC(C)(Nc1ncc(C(=O)NO)cn1)c1ccccc1F,1.26,0
CHEMBL3934237,O=C(NO)c1cnc(NC2(c3ccccc3)CCN(C(=O)Nc3cccc(F)c3)CC2)nc1,1.081,0
CHEMBL505961,Cc1c(CNc2ccc(C(=O)Nc3cc(-c4ccccc4)ccc3N)cc2)cnn1C,19.32,0
CHEMBL472251,Nc1ccc(-c2cc[nH]n2)cc1NC(=O)c1ccc(N2CCC3(CCNC3)CC2)nc1,5500.0,0
CHEMBL3901737,Nc1ccccc1NC(=O)C/C=C/CCNC(=O)c1cccc(Cl)c1,0.953,1
CHEMBL3939518,O=C(CCCCCCCNC(=O)c1nc(-c2nccs2)sc1C1CC1)NO,0.064,1
CHEMBL3964140,CN(C)c1ccc2cc(C(=O)NCCCCCC(=O)Nc3ccccc3N)[nH]c2c1,0.115,1
CHEMBL3977346,O=C(NO)c1ccc(CNC(=O)c2nc(-c3nccs3)sc2C2CC2)cc1,0.03,1
CHEMBL3916160,Cc1ccc(C(=O)NCC/C=C/CC(=O)Nc2ccccc2N)cc1,1.564,0
CHEMBL3961016,CCOc1ccccc1C(=O)NCCCCCC(=O)Nc1ccccc1N,0.33799999999999997,1
CHEMBL3977839,Nc1ccccc1NC(=O)CCCCCNC(=O)c1cscn1,0.841,1
CHEMBL3656006,O=C(NO)c1cnc(NC2(c3ccc(C(F)(F)F)c(F)c3)CC2)nc1,0.07,1
CHEMBL3356917,Cc1ccc(NC(=O)[C@H](CCCCCS)NC(=O)[C@@H]2CCCC(=O)N2)cc1,0.003,1
CHEMBL3656007,COc1ccc(C2(Nc3ncc(C(=O)NO)cn3)CC2)cc1OC,0.113,1
CHEMBL4082812,Cc1ccccc1Nc1ncnc2cc(NC(=O)CCCCCCC(=O)NO)sc12,0.09879,1
CHEMBL3899844,Nc1ccc(-c2cccs2)cc1NC(=O)c1ccc2nc(N3CCNCC3)cnc2c1,0.071,1
CHEMBL3655944,C[C@@H](Nc1ncc(C(=O)NO)cn1)c1ccccc1,0.051,1
CHEMBL3961801,Nc1ccccc1NC(=O)CCCCCNC(=O)c1cc2cc(F)ccc2[nH]1,0.057,1
CHEMBL3923298,COc1ccc2[nH]c(C(=O)NCCCCC(=O)Nc3ccccc3N)cc2c1,0.878,1
CHEMBL3983889,Nc1ccccc1NC(=O)CCCCCNC(=O)c1ccc(C(F)F)cc1,0.158,1
CHEMBL4103456,COc1ccc(C(=O)N[C@@H](Cc2c[nH]c3ccccc23)C(=O)NCCCCCC(=O)Nc2ccccc2N)cc1,0.0429,1
CHEMBL3317813,C[C@@]12CSC(=N1)c1csc(n1)CNC(=O)C[C@@H](/C=C/CCS)OC(=O)[C@H](CC(=O)O)NC2=O,0.1,1
CHEMBL3986857,COc1ccc2c(C(=O)NCCCCCC(=O)Nc3ccccc3N)c[nH]c2c1,0.038,1
CHEMBL3593411,CC(C)[C@@H]1NC(=O)[C@]2(C)CSC(=N2)c2ccnc(c2)CNC(=O)C[C@@H](/C=C/CCS)OC1=O,0.00231,1
CHEMBL2177582,CN1C[C@H](c2ccc(/C=C/C(=O)Nc3ccccc3N)cc2F)[C@@H](C(=O)Nc2ccc(Cl)cc2)C1,0.23,1
CHEMBL3903253,O=C(NO)c1cnc(NC2(c3cccc(F)c3)CCC3(CC2)OCCO3)nc1,1.821,0
CHEMBL3951953,Cn1ccc2ccc(C(=O)NCCCCCC(=O)Nc3ccccc3N)cc21,0.066,1
CHEMBL2390995,O=C(/C=C/c1ccc2c(c1)C(=O)CC1(CCN(Cc3ccc(F)cc3)CC1)O2)NO,0.091,1
CHEMBL1914708,[N-]=[N+]=NCc1cc(Cn2cc(NC(=O)CCCCCCC(=O)NO)cn2)cc(N=[N+]=[N-])c1,0.128,1
CHEMBL3937977,CC(C)Cc1sc(-c2nccs2)nc1C(=O)NCCCCCCS,13.654000000000002,0
CHEMBL3622726,C/C=C1\NC(=O)[C@H](CS)NC(=O)[C@@H](C(C)C)NC(=O)C[C@@H](/C=C/CCS)OC(=O)[C@H](C(C)C)NC1=O,0.0048,1
CHEMBL3771206,CC(=O)SCC/C=C/[C@@H]1CC(=O)NCc2ccc(cc2)C2=N[C@@](C)(CS2)C(=O)N[C@@H](C(C)C)C(=O)O1,0.47,1
CHEMBL4102988,COc1ccc(C(=O)N[C@@H](Cc2c[nH]c3ccccc23)C(=O)NCCCCCC(=O)Nc2ccc(F)cc2N)cc1,0.11,1
CHEMBL109654,O=C(CCCCCS)Nc1ccccc1,0.725,1
CHEMBL3317811,C[C@@]12CSC(=N1)c1csc(n1)CNC(=O)C[C@@H](/C=C/CCS)OC(=O)[C@H](Cc1ccc(O)cc1)NC2=O,0.00037999999999999997,1
CHEMBL447397,CCOC(=O)c1ccc(C(=O)C(F)(F)F)s1,3.5,0
CHEMBL2431862,Cn1cccc1C(=O)NCc1ccc(C(=O)NO)cc1,4.5,0
CHEMBL3426906,O=C(CCCCCOc1no[n+]([O-])c1S(=O)(=O)c1ccccc1)NO,0.532,1
CHEMBL3656016,Cc1cc(C(F)(F)F)cc(C2(Nc3ncc(C(=O)NO)cn3)CC2)c1,0.18899999999999997,1
CHEMBL3652239,Cc1cc(C)cc(Nc2ncc(C(=O)NO)cn2)c1,0.319,1
CHEMBL3652228,Cc1ccc(Nc2ncc(C(=O)NO)cn2)cc1,0.29100000000000004,1
CHEMBL3961083,CC(C)Cc1sc(-c2nccs2)nc1C(=O)NCCCCCCC(=O)NO,0.249,1
CHEMBL3956097,Cc1cnc(C(=O)NCCCCCC(=O)Nc2ccccc2N)s1,0.9890000000000001,1
CHEMBL474890,Nc1ccc(-c2cccs2)cc1NC(=O)c1ccc(CN2CCC3(CCCN3)CC2)cc1,9.617,0
CHEMBL3287251,Cc1sc(-c2nccs2)nc1C(=O)NCCCCC(=O)NO,0.6555,1
CHEMBL1914702,[N-]=[N+]=NCc1cc(N=[N+]=[N-])cc(C(=O)Nc2ccc(-c3cc(C(=O)NCCCCCCC(=O)NO)no3)cc2)c1,0.045,1
CHEMBL493783,CN(Cc1ccccc1)C(=O)c1cnc(C(=O)C(F)(F)F)s1,7.3,0
CHEMBL3664025,Nc1cc(F)ccc1NC(=O)c1ccc2[nH]cnc2c1,0.282,1
CHEMBL3910879,COc1ccc2[nH]c(C(=O)NCCCCCC(=O)Nc3ccccc3N)cc2c1,0.031,1
CHEMBL3601337,Cc1ccc(Nc2nccc3ccc(NC(=O)CCCCCCC(=O)NO)cc23)c(Br)c1,0.01763,1
CHEMBL1800241,CC(=O)Nc1ccc(C(=O)CSc2nc(C)cc(O)n2)cc1,15.2,0
CHEMBL3910907,Cc1ccc(C(=O)NCCC/C=C/C(=O)Nc2ccccc2N)cc1,0.239,1
CHEMBL3347696,Nc1ccccc1NC(=O)CCCCCCC(=O)Nc1cccc(-c2cn(-c3ccccc3)nn2)c1,0.12,1
CHEMBL3655961,O=C(NO)c1cnc(NC2(c3ccccc3)CCCCC2)nc1,4.515,0
CHEMBL3934253,Nc1cc(F)ccc1NC(=O)CCCCCNS(=O)(=O)c1ccc(F)cc1,6.65,0
CHEMBL4072925,NC(=O)C[C@@H]1N=C(c2ccccc2)c2ccccc2N(CCCCC(=O)NO)C1=O,3.1,0
CHEMBL3621298,Nc1ccccc1NC(=O)CCCCCCC(=O)Nc1ccc2c(c1)/C(=C/c1ccc[nH]1)C(=O)N2,0.39399999999999996,1
CHEMBL3961271,O=C(CCCCCCNC(=O)c1nc(-c2nc3c(s2)CCCC3)sc1C1CC1)NO,0.016,1
CHEMBL3670674,Nc1ccccc1NC(=O)c1ccc(CNC(=O)c2[nH]c(-c3ccsc3)cc2-c2ccc(O)cc2)cc1,0.075,1
CHEMBL466032,O=C(CCCCc1cc(C(=O)O)no1)Nc1nc(-c2ccccc2)cs1,10.6,0
CHEMBL471344,Cc1noc(-c2ccc(C(=O)C(F)(F)F)s2)n1,7.1,0
CHEMBL3356922,Cc1cccc(NC(=O)[C@H](CCCCCS)NC(=O)[C@@H]2CCC(=O)N2)c1,0.004,1
CHEMBL3317814,C[C@@]12CSC(=N1)c1csc(n1)CNC(=O)C[C@@H](/C=C/CCS)OC(=O)[C@H](CCN)NC2=O,0.0078,1
CHEMBL3593409,CC(C)[C@@H]1NC(=O)[C@]2(C)CSC(=N2)c2cccc(n2)CNC(=O)C[C@@H](/C=C/CCS)OC1=O,0.00307,1
CHEMBL3670679,O=C(NO)c1ccc(CNC(=O)c2[nH]c(-c3ccccc3)cc2-c2cccc(Br)c2)cc1,2.068,0
CHEMBL3655939,O=C(NO)c1cnc(NCc2ccc(F)cc2C(F)(F)F)nc1,0.9009999999999999,1
CHEMBL487107,O=C(CCCCCCC(=O)Nc1cccc(-c2cnnn2CC(O)c2cccc(Br)c2)c1)NO,0.0042,1
CHEMBL3952143,Nc1ccc(-c2cccs2)cc1NC(=O)c1cnc2c(c1)cc(C1CC1)n2CCN1CCOCC1,0.445,1
CHEMBL3601779,Cc1ccc(Nc2nccc3ccc(NCc4ccc(/C=C/C(=O)NO)cc4)cc23)c(Cl)c1,0.47473999999999994,1
CHEMBL3962891,N#Cc1ccc(C(=O)NCCCCCC(=O)Nc2ccccc2N)cc1,0.4,1
CHEMBL3664035,Nc1ccc(F)cc1NC(=O)c1cnc2cc(N3CCNCC3)ccc2n1,0.675,1
CHEMBL3961324,Nc1ccccc1NC(=O)CCCCCNC(=O)c1ccc2nonc2c1,1.153,0
CHEMBL3929797,CC(C)(C)OC(=O)NCc1nc(-c2nc(C(=O)NCCCCCCC(=O)NO)cs2)cs1,1.178,0
CHEMBL3311473,CC1(C)CC(=O)Nc2ccc(C(=O)NCCCCCCC(=O)NO)cc21,0.069,1
CHEMBL3907301,CC(=O)c1ccccc1C(=O)NCCCCCC(=O)Nc1ccccc1N,0.741,1
CHEMBL3922439,Nc1ccc(-c2ccccc2)cc1NC(=O)c1ccc2c(cnn2CCN2CCOCC2)c1,0.344,1
CHEMBL473478,Nc1ccc(-c2ccc(F)cc2)cc1NC(=O)c1ccc(CN2CCC3(CCNC3)CC2)cc1,4.803,0
CHEMBL583130,CCC(=O)CCCCC[C@@H]1NC(=O)[C@H](C)NC(=O)C[C@H](CC(C)C)NC(=O)[C@H](Cc2c[nH]c3ccccc23)NC1=O,0.14300000000000002,1
CHEMBL4064944,CCCCCCC(CCCC(=O)NO)CCC(=O)Nc1ccccc1,2.9,0
CHEMBL565112,Cc1ccc(C(=O)N[C@@H](CCCNC(=N)N)C(=O)NCCC(=O)Nc2ccccc2N)cc1,2.2,0
CHEMBL3601344,CCN(CC)CCn1ccc2ccc(NC(=O)CCCCCCC(=O)NO)cc2c1=O,0.07442,1
CHEMBL471041,O=C(/C=C/c1ccc(/C=N/OCc2c(F)c(F)c(F)c(F)c2F)cc1)NO,2.8,0
CHEMBL3897392,Nc1ccccc1NC(=O)CCCCCNC(=O)c1ccoc1,0.386,1
CHEMBL1767029,CNC(=O)/C(CCCCCCC(=O)Nc1ccccc1)=N\O,18.6,0
CHEMBL3897806,Cc1ccc(C(=O)NCCCCCCC(=O)Nc2ccccc2N)cc1,0.653,1
CHEMBL3974672,Nc1ccccc1NC(=O)CCCCCNC(=O)c1ccc(Cl)c(Cl)c1,0.2,1
CHEMBL3894825,CC1(C)C(=O)N(c2ccc(C#N)c(C(F)(F)F)c2)C(=S)N1c1ccc(C(=O)OCCCCCC(=O)NO)c(F)c1,2.0,0
CHEMBL3903543,Cc1[nH]c2cc(C(=O)NCCCCCC(=O)Nc3ccccc3N)ccc2c1C,0.037000000000000005,1
CHEMBL1767036,CNC(=O)/C(CCCCCCC(=O)Nc1cccc(-c2ccccc2)c1)=N\O,9.6,0
CHEMBL1469,O=C(O)CCCc1ccccc1,260.0,0
CHEMBL3652242,O=C(NO)c1cnc(Nc2cccc(C(F)(F)F)c2)nc1,0.313,1
CHEMBL3601775,COc1ccc(Cn2ccc3ccc(NC(=O)CCCCCCC(=O)NO)cc3c2=O)c(OC)c1,0.1077,1
CHEMBL3356937,Cc1cccc(CCNC(=O)[C@H](CCCCCS)NC(=O)[C@@H]2CCCC(=O)N2)c1,0.122,1
CHEMBL4063718,Cc1ccc(F)c(Nc2ncnc3cc(NC(=O)CCCCCCC(=O)NO)sc23)c1,0.06754,1
CHEMBL1089339,Cc1cccc(NC(=O)CCCCC(=O)NO)c1,0.057999999999999996,1
