SMILES,Type
CC(OC(Nc1cc(c2cc(C(NCCCCCCC(NO)=O)=O)no2)ccc1)=O)(C)C,1
OCC[NH+](Cc1ccc(\C=C\C(NO)=O)cc1)CCc2c(c3[nH]c2)cccc3,1
C[C@@H](C(c1ccc(N(C)C)cc1)=O)\C=C(\C=C\C(NO)=O)/C,1
ONC(CCCCCCC(Nc1cc(c2nnn(c3cc(F)cc(F)c3)c2)ccc1)=O)=O,1
ONC(CCCCCNC(\C=C(/c(c12)cccc1)\c3c2cccc3)=O)=O,1
ONC(CCCCCCC(Nc1ccccc1)=O)=O,1
ONC(c1cnc(N2C[C@H]3[C@H]([C@@H]3[NH2+]Cc4nc(c5cc4)ccc(F)c5)C2)nc1)=O,1
CC(c1c([C@@H]2CN(Cc3c(F)cc(\C=C\C(NO)=O)cc3)CCC2)c(c4[nH]1)cccc4)(C)C,1
ONC(c1cnc(N2CCN(S(c3cc(c4cc3)cccc4)(=O)=O)CC2)nc1)=O,1
COc1c(OCCCCCCC(NO)=O)cc(c2c1)c(Nc3cc(C#C)ccc3)ncn2,1
ONC(\C=C\c1cc(c2cc1)C(=O)CC3(CC[NH+](Cc4ccccc4)CC3)O2)=O,1
C[C@H](c1ccccc1)NC(c2sc(C(NO)=O)cc2)=O,1
CNC(C(CCCCCCC(Nc1cc(c2ccccc2)ccc1)=O)=O)=O,1
CCC(CCCCC[C@@H](c1nc(c2cc(c3cc2)cccc3)c[nH]1)NC(C4CC[NH+](C)CC4)=O)=O,1
CC(C[C@@H]1NC(=O)[C@H](Cc2c(c3[nH]c2)cccc3)NC(=O)[C@H](CCCCCC(NO)=O)NC(=O)[C@H](C)NC(=O)C1)C,1
CC([C@H]1C(=O)O[C@H](\C=C\CCS)CC(=O)NCc([nH+]c2c(nn3CC(=O)N1)nn3)sc2)C,1
ONC(\C=C\c1cc(S(Nc2ccccc2)(=O)=O)ccc1)=O,1
CCC(CCCCC[C@@H](c1nc(c2ccccc2)c[nH]1)NC(Cc3c(c4[nH]c3C)cc(OC)cc4)=O)=O,1
ONC(\C=C\c1cc(C(c2[nH]c(c3c2)cccc3)=O)ccc1)=O,1
ONC(\C=C\c1cc(c2cc(c3cc2)c(Nc4cc(Cl)c(OCc5cc(F)ccc5)cc4)ncn3)ccc1)=O,1
CC([C@@H]1C(=O)N[C@H](C)C(=O)N[C@H](Cc2ccccc2)C(=O)N[C@H](C\C=C/CCC([O-])=O)[C@H](C)C(=O)N1)C,1
COc1ccc(CNC(c2sc(C(C(F)(F)F)=O)cc2)=O)cc1,1
FC(C(CCCCCCC(Nc1cc(c2ccccc2)ccc1)=O)=O)(F)F,1
Nc1c(NC(c2ccc(CNC(OCc3cnccc3)=O)cc2)=O)cccc1,1
C[NH+]1Cc2c(n(Cc3ccc(C(NO)=O)cc3)c(c24)cccc4)CC1,1
ONC(\C=C\c1ccc(\C=N\OCc2ccc([N+]([O-])=O)cc2)cc1)=O,1
C[NH+]1C[C@@H](c2ccc(\C=C\C(Nc3c(N)cccc3)=O)cc2)[C@H](C(Nc4ccc(Cl)cc4)=O)C1,1
C[C@H](c1ccccc1)NC(c2sc(C(C(F)(F)F)=O)cc2)=O,1
Nc1c(NC(CCCCCC(c2c(c3[nH]c2)cccc3)c4c(c5[nH]c4)cccc5)=O)cccc1,1
Nc1c(NC(c2cnc(N3CCC4(C(=O)NCN4c5ccccc5)CC3)cc2)=O)cccc1,1
Nc1c(NC(c2ccc(CNc3nc(c4n[nH]cc4)ccn3)cc2)=O)cccc1,1
ONC(CCCCCC(c1c(c2[nH]c1)cccc2)c3c(c4[nH]c3)cccc4)=O,1
Nc1c(NC(\C=C\c2ccc(C(C(Nc3ccc(C(F)(F)F)cc3)=O)[NH2+]CCN4CCOCC4)cc2)=O)cccc1,1
FC(C(c1sc(c2nnc(c3ccccc3)o2)cc1)=O)(F)F,1
CN(C(c1sc(C(C(F)(F)F)=O)cc1)=O)Cc2ccccc2,1
ONC(C(CCC1)=C1)=O,1
Nc1c(NC(c2ccc(C(C(Nc3ccccc3)=O)C(Nc4ccccc4)=O)cc2)=O)cccc1,1
ONC(\C=C\C=C\CC\C=C\c1cc(c2cc1)OCO2)=O,1
C[C@@H]1N(C(OCc2ccccc2)=O)CCN(c3ncc(C(Nc4c(N)cccc4)=O)cc3)C1,1
CCC(Nc1ccc(C(NNC(NC(c2ccc(OCCOCC)cc2)=O)=S)=O)cc1)=O,0
CCOCCOc1ccc(C(NC(NNC(c2ccc(NC(C(C)C)=O)cc2)=O)=S)=O)cc1,0
c1cc(NC(NCCCCCCNC(Nc2cccc([N+]([O-])=O)c2)=O)=O)cc([N+]([O-])=O)c1,0
CCOCCOc1ccc(C(NC(NNC(c2ccc(NC(C3CC3)=O)cc2)=O)=S)=O)cc1,0
CCCCC(Nc1ccc(C(NNC(NC(c2cccc(C(OC)=O)c2)=O)=S)=O)cc1)=O,0
c1cc(NS(CCCCCCCCS(Nc2cccc(O)c2)(=O)=O)(=O)=O)cc(O)c1,0
C\C(\c1ccc(OCCCOc2ccc(\C(\C)=N/NC(N)=S)cc2)cc1)=N/NC(N)=S,0
CCCC(Nc1ccc(C(NNC(NC(c2ccc(OCCOCC)cc2)=O)=S)=O)cc1)=O,0
Cc1cc(C)c2c(c(CC(NNC(CCC(NCCc3ccc(OC)c(OC)c3)=O)=O)=O)c(C)[nH]2)c1,0
c1ccc(OCCOc2ccc(C(NC(NNC([C@@H]3CC(N(Cc4ccco4)C3)=O)=O)=S)=O)cc2)cc1,0
c1ccc(OCCOc2ccc(C(NC(NNC([C@H]3CC(N(Cc4ccco4)C3)=O)=O)=S)=O)cc2)cc1,0
c1ccc(OCCOc2cccc(C(NC(NNC([C@@H]3CC(N(Cc4ccco4)C3)=O)=O)=S)=O)c2)cc1,0
c1ccc(OCCOc2cccc(C(NC(NNC([C@H]3CC(N(Cc4ccco4)C3)=O)=O)=S)=O)c2)cc1,0
c1ccc(OCCOc2ccccc2C(NC(NNC([C@@H]3CC(N(Cc4ccco4)C3)=O)=O)=S)=O)cc1,0
c1ccc(OCCOc2ccccc2C(NC(NNC([C@H]3CC(N(Cc4ccco4)C3)=O)=O)=S)=O)cc1,0
Cc1cccc(OCC(NNC(CCCCC(NNC(COc2cccc(C)c2)=O)=O)=O)=O)c1,0
c1ccc(O)c(\C=N\NC(CCCSCCCC(N\N=C\c2ccccc2O)=O)=O)c1,0
COc1ccc(OCc2ccc(C(NNC(NCCCN3CCOCC3)=S)=O)o2)cc1,0
CCOC([C@H](NC([C@H](NOC(C(C)(C)C)=O)CC(C)C)=O)Cc1c[nH]c2c1cccc2)=O,0
CCOC([C@H](NC([C@@H](NOC(C(C)(C)C)=O)CC(C)C)=O)Cc1c[nH]c2c1cccc2)=O,0
CCOC([C@@H](NC([C@@H](NOC(C(C)(C)C)=O)CC(C)C)=O)Cc1c[nH]c2c1cccc2)=O,0
CCOC([C@@H](NC([C@H](NOC(C(C)(C)C)=O)CC(C)C)=O)Cc1c[nH]c2c1cccc2)=O,0
CCC(Nc1ccc(C(NNC(CCCC(OCCCc2ccccc2)=O)=O)=O)cc1)=O,0
COc1ccccc1C(NCCC(NNC(COc2ccccc2Cc3ccccc3)=O)=O)=O,0
c1ccc(CCCOC(CCC(NNC(c2ccc(NC(c3ccccc3)=O)cc2)=O)=O)=O)cc1,0
CCCCC(Nc1ccc(C(NNC(c2cccc(OCCOCC)c2)=O)=O)cc1)=O,0
COc1ccc(CCNC(N(CC2=Cc3c(NC2=O)cc(OCO4)c4c3)CCCO)=S)cc1OC,0
COc1cc(C(NCCCCCc2c(C#N)c(N)[nH]n2)=O)cc(OC)c1OCc3ccccc3,0
CCOc1ccc(CCNC(CN2C([C@@H](Cc3c[nH]c4c3cccc4)NC2=O)=O)=O)cc1OCC,0
COc1ccccc1\C=C\C(NC(NNC(CCC(NCc2ccccc2)=O)=O)=S)=O,0
CCn1cc(\C=C(/NC(c2cc(OC)c(OC)c(OC)c2)=O)\C(NCCCO)=O)c3c1cccc3,0
CC(c1cc(NC(COC(c2ccccc2NCCO)=O)=O)n(c3ccccc3)n1)(C)C,0
CCN(c1ccc(C(NNC(COC(CNC(c2ccc(C)c(C)c2)=O)=O)=O)=O)cc1)CC,0
CCCCCN1C(c2c([C@@H](C(NNC(c3ccc4c(cc(C(OCC)=O)[nH]4)c3)=O)=O)N1)cccc2)=O,0
CCCCCN1C(c2c([C@H](C(NNC(c3ccc4c(cc(C(OCC)=O)[nH]4)c3)=O)=O)N1)cccc2)=O,0
CCOCCOc1ccc(C(NC(NNC(c2ccc(NC(C3CCCCC3)=O)cc2)=O)=S)=O)cc1,0
COc1ccc(CCC(Nc2ccccc2C(OCC(NNC(c3cccs3)=O)=O)=O)=O)cc1,0
CCOc1ccc(CCNC(c2c(N)n(CC(Nc3ccc(C)cc3)=O)nn2)=O)cc1OCC,0
CCOc1ccc(CCNC(c2c(N)n(CC(Nc3ccccc3C)=O)nn2)=O)cc1OCC,0
c1ccc(Sc2c(C(NNC(NCCCn3cc[nH+]c3)=O)=O)cccn2)cc1,0
CCNC(N(C(Nc1nc(C)cc(C)n1)=N)CCC2=C3C(=[NH+]C2)C=CC=C3)=S,0
CCCc1c([N+]([O-])=O)c(C(NCc2ccc(C[NH+]3CCCCC3)cc2)=O)n[nH]1,0
Cc1ccc([N+]([O-])=O)cc1NC(c2cccc(NC(CCn3cc[nH+]c3)=O)c2)=O,0
Cc1[nH+]ccn1CCCNC(c2ccc(Nc3ccccc3)c([N+]([O-])=O)c2)=O,0
CC(c1nc(c2ccc(NC(C(NCCCn3cc[nH+]c3)=O)=O)cc2)no1)(C)C,0
C[C@H]1CCC[NH+](Cc2ccccc2CNC(CCCNc3ccc([N+]([O-])=O)cc3)=O)C1,0
C[C@@H]1CCC[NH+](Cc2ccccc2CNC(CCCNc3ccc([N+]([O-])=O)cc3)=O)C1,0
COc1ccc([N+]([O-])=O)cc1NC(Cn2c3c([nH+]c2NCc4ccccc4)cccc3)=O,0
COc1ccccc1OCC(NC[C@@H]2CCC[NH+](Cc3c[nH]nc3C4CCCCC4)C2)=O,0
COc1ccccc1OCC(NC[C@H]2CCC[NH+](Cc3c[nH]nc3C4CCCCC4)C2)=O,0
Cc1ccc([C@H](NC(CO\N=C(\N)/c2cccc(C[NH+]3CCCCC3)c2)=O)C)cc1C,0
Cc1ccc([C@@H](NC(CO\N=C(\N)/c2cccc(C[NH+]3CCCCC3)c2)=O)C)cc1C,0
c1ccc(OCc2ccc(C(NNC(NCCc3cn4c(CCCC4)[nH+]3)=O)=O)o2)cc1,0
CCc1nc(c2ccc(CCNC(NCCn3cc[nH+]c3)=O)cc2)on1,0
CCc1nc(c2ccc(CCNC(NCCCn3cc[nH+]c3)=O)cc2)on1,0
CC1CC[NH+]([C@H](c2cccs2)CNC(c3ccc(NC4CC4)c([N+]([O-])=O)c3)=O)CC1,0
CC1CC[NH+]([C@@H](c2cccs2)CNC(c3ccc(NC4CC4)c([N+]([O-])=O)c3)=O)CC1,0
c1cc2c(cc(C(NNC(NCCCn3cc[nH+]c3)=O)=O)s2)cc1[N+]([O-])=O,0
Cc1cc(OCC(NNC(CCCC2=C3C(=[NH+]C2)C=CC=C3)=O)=O)ccc1Cl,0
c1cc(NCCC[NH+]2CCCCCC2)c([N+]([O-])=O)cc1C(Nc3cc(F)cc(F)c3)=O,0
CCCCc1nc([C@H](Nc2ccc(NC(C[NH+]3CCCCCC3)=O)cc2)C)on1,0
CCCCc1nc([C@@H](Nc2ccc(NC(C[NH+]3CCCCCC3)=O)cc2)C)on1,0
COc1ccc(c2cn[nH]c2c3ccc(OCC[NH+]4CCCCC4)cc3O)cc1OC,0
Cn1cc[nH+]c1CCNC(NCc2ccc(Oc3ccc([N+]([O-])=O)cc3)cc2)=O,0
Cc1ccc(NCCNC(CNC(c2ccc(c3ccccc3)cc2)=O)=O)n[nH+]1,0
CC(c1cc(C(NNC(NCCCn2cc[nH+]c2)=O)=O)c3c(n1)cccc3)C,0
c1ccc2c(cc(c3cc(NC(NCCCn4cc[nH+]c4)=O)n(CCO)n3)o2)c1,0
Cc1cc(C)n(Cc2cccc(NC(C(NCCCCn3cc[nH+]c3)=O)=O)c2)n1,0
Cc1ccc(NCCNC(c2cccc(OC3CCCC3)c2)=O)n[nH+]1,0
COc1cc(C(NNC(NCCCn2cc[nH+]c2)=O)=O)ccc1OCC=C,0
CCC[NH+](CC(Nc1cccc([N+]([O-])=O)c1C)=O)Cc2ccccc2O,0
CCC[NH+](CC(Nc1cc([N+]([O-])=O)ccc1C)=O)Cc2ccccc2O,0
c1ccc(n2c3c(CCC3)c(C(NNC(NCCCn4cc[nH+]c4)=O)=O)n2)cc1,0
c1ccc(n2cc(CCC(NNC(NCCCn3cc[nH+]c3)=O)=O)cn2)cc1,0
Cc1cc(Cl)cc(C)c1O[C@H](C(NNC(CCCn2cc[nH+]c2C)=O)=O)C,0
Cc1cc(Cl)cc(C)c1O[C@@H](C(NNC(CCCn2cc[nH+]c2C)=O)=O)C,0
COc1ccccc1NCC\C(\c2ccccc2O)=N\NC(C[n+]3ccccc3)=O,0
c1cc(COC[C@H]2CCCCO2)cc(NC(NCCCCn3cc[nH+]c3)=O)c1,0
CCC(C(NNC(c1cccc([N+]([O-])=O)c1)=O)=O)CC,0
CCc1ccc(C(NNC(c2ccc([N+]([O-])=O)o2)=O)=O)cc1,0
c1cc(NC(\C=C\c2ccc([N+]([O-])=O)cc2)=O)cc(NC(C3CC3)=O)c1,0
c1cc(C(NNC(c2c(C3CC3)ccs2)=O)=O)cc([N+]([O-])=O)c1,0
c1cc([N+]([O-])=O)ccc1CC(NNC(c2ccc(Cl)cc2)=O)=O,0
CC(C(Nc1cccc(CNC(c2cccc([N+]([O-])=O)c2)=O)c1)=O)C,0
CC(C(Nc1cccc(NC(c2ccc([N+]([O-])=O)cc2)=O)c1)=O)C,0
Cc1cc(C(Nc2cccc(C(NC3CC3)=O)c2)=O)ccc1[N+]([O-])=O,0
Cc1ccc(C(Nc2cccc(C(NC3CC3)=O)c2)=O)cc1[N+]([O-])=O,0
Cc1c(C(Nc2cccc(C(NC3CC3)=O)c2)=O)cccc1[N+]([O-])=O,0
c1cc([N+]([O-])=O)ccc1CNC(c2ccc(NC(C3CC3)=O)cc2)=O,0
CC(CCC(NNC(c1ccc([N+]([O-])=O)cc1Cl)=O)=O)C,0
CC(CCC(NNC(c1cc([N+]([O-])=O)ccc1Cl)=O)=O)C,0
CC(CCC(NNC(c1ccc(Cl)c([N+]([O-])=O)c1)=O)=O)C,0
CCNC(c1cccc(NC(\C=C\c2ccccc2[N+]([O-])=O)=O)c1)=O,0
c1cc(NC(c2ccc([N+]([O-])=O)s2)=O)cc(NC(C3CC3)=O)c1,0
c1ccc(Cl)c(CC(NNC(c2cccc([N+]([O-])=O)c2)=O)=O)c1,0
c1ccc([N+]([O-])=O)c(CC(NNC(c2ccc(Cl)cc2)=O)=O)c1,0
c1cc([N+]([O-])=O)ccc1NC(NC(C2CCC2)=O)=S,0
CC(CCC(NNC(\C=C\c1ccc([N+]([O-])=O)cc1)=O)=O)C,0
CC(CCC(NNC(\C=C\c1cccc([N+]([O-])=O)c1)=O)=O)C,0
c1cc(NC(c2ccc([N+]([O-])=O)s2)=O)ccc1CCO,0
CCCC(NC(Nc1ccc([N+]([O-])=O)cc1)=S)=O,0
CC(C(Nc1ccc(NC(c2ccc(\C=N\OC)cc2)=O)cc1)=O)C,0
Cc1ccc(C(Nc2cccc(NC(C3CC3)=O)c2)=O)cc1[N+]([O-])=O,0
c1ccc(F)c(CC(NNC(\C=C\c2ccccc2[N+]([O-])=O)=O)=O)c1,0
Cc1ccc(C(N)=O)cc1NC(\C=C\c2ccc([N+]([O-])=O)cc2)=O,0
C[C@@H](NC(NOC)=O)c1ccc(OC2CCCC2)c(OC)c1,0
C[C@H](NC(NOC)=O)c1ccc(OC2CCCC2)c(OC)c1,0
Cc1c(C(NCc2ccc(NC(C3CC3)=O)cc2)=O)cccc1[N+]([O-])=O,0
CC(CCC(NNC(\C=C\c1ccccc1[N+]([O-])=O)=O)=O)C,0
Cc1cccc(C(Nc2cccc(C(NC3CC3)=O)c2)=O)c1[N+]([O-])=O,0
C[C@H](NC(\C=C\c1ccccc1)=O)C(Nc2cccc([N+]([O-])=O)c2)=O,0
Cc1ccc(NC(c2ccc(\C=N\OC)cc2)=O)cc1C(NC(C)C)=O,0
C\C(\C)=C/[C@@H]1[C@H](C(NC[C@H](O)c2ccc([N+]([O-])=O)cc2)=O)C1(C)C,0
C\C(\C)=C/[C@H]1[C@H](C(NC[C@H](O)c2ccc([N+]([O-])=O)cc2)=O)C1(C)C,0
C\C(\C)=C/[C@@H]1[C@@H](C(NC[C@H](O)c2ccc([N+]([O-])=O)cc2)=O)C1(C)C,0
C\C(\C)=C/[C@H]1[C@@H](C(NC[C@H](O)c2ccc([N+]([O-])=O)cc2)=O)C1(C)C,0
C[C@H](Nc1ccc(NC([C@@H]2C[C@@H]2[N+]([O-])=O)=O)cc1)c3ccccc3,0
CC[C@@H]([C@H](NC([C@@H]([C@@H](N(O)C=O)CC)CC1CCCCC1)=O)C(Nc2ccccn2)=O)C,0
COc1ccc(Cl)cc1C(NNC(CCCCCN2C(c3c(NC2=S)cccc3)=O)=O)=O,0
c1cc(NC(CNc2ccc(OC[C@@H]3CCCO3)cc2)=O)ccc1C(NC4CCCCC4)=O,0
c1cc(NC(CNc2ccc(OC[C@H]3CCCO3)cc2)=O)ccc1C(NC4CCCCC4)=O,0
c1cc(C(NC2CCCCC2)=O)cc(NC(CNc3ccc(OC[C@@H]4CCCO4)cc3)=O)c1,0
c1cc(C(NC2CCCCC2)=O)cc(NC(CNc3ccc(OC[C@H]4CCCO4)cc3)=O)c1,0
CCC[C@H](N(C(c1c(N)c(C(N)=O)ns1)=O)c2ccc(CC)cc2)C(NC3CCCC3)=O,0
c1ccc(CCC(Nc2ccc(NC(CNc3ccc(OC[C@H]4CCCO4)cc3)=O)cc2)=O)cc1,0
c1ccc(CCC(Nc2ccc(NC(CNc3ccc(OC[C@@H]4CCCO4)cc3)=O)cc2)=O)cc1,0
c1ccc(CCC(Nc2cccc(NC(CNc3ccc(OC[C@H]4CCCO4)cc3)=O)c2)=O)cc1,0
c1ccc(CCC(Nc2cccc(NC(CNc3ccc(OC[C@@H]4CCCO4)cc3)=O)c2)=O)cc1,0
Cc1cccc(C)c1NC(CSc2ccc(\C=N\NC(CCc3ccccc3O)=O)o2)=O,0
c1ccc(CNC(c2cccc(NC(CNc3ccc(OC[C@@H]4CCCO4)cc3)=O)c2)=O)cc1,0
c1ccc(CNC(c2cccc(NC(CNc3ccc(OC[C@H]4CCCO4)cc3)=O)c2)=O)cc1,0
c1ccc(CNC(c2ccc(NC(CNc3ccc(OC[C@@H]4CCCO4)cc3)=O)cc2)=O)cc1,0
c1ccc(CNC(c2ccc(NC(CNc3ccc(OC[C@H]4CCCO4)cc3)=O)cc2)=O)cc1,0
C[C@H](NC(c1ccc(NC(CNc2ccc(OC[C@H]3CCCO3)cc2)=O)cc1)=O)c4ccccc4,0
C[C@@H](NC(c1ccc(NC(CNc2ccc(OC[C@@H]3CCCO3)cc2)=O)cc1)=O)c4ccccc4,0
C[C@H](NC(c1cccc(NC(CNc2ccc(OC[C@@H]3CCCO3)cc2)=O)c1)=O)c4ccccc4,0
C[C@H](NC(c1ccc(NC(CNc2ccc(OC[C@@H]3CCCO3)cc2)=O)cc1)=O)c4ccccc4,0
C[C@@H](NC(c1ccc(NC(CNc2ccc(OC[C@H]3CCCO3)cc2)=O)cc1)=O)c4ccccc4,0
C[C@@H](NC(c1cccc(NC(CNc2ccc(OC[C@@H]3CCCO3)cc2)=O)c1)=O)c4ccccc4,0
C[C@H](NC(c1cccc(NC(CNc2ccc(OC[C@H]3CCCO3)cc2)=O)c1)=O)c4ccccc4,0
C[C@@H](NC(c1cccc(NC(CNc2ccc(OC[C@H]3CCCO3)cc2)=O)c1)=O)c4ccccc4,0
Cc1cccc(C(Nc2ccc(NC(CNc3ccc(OC[C@@H]4CCCO4)cc3)=O)cc2)=O)c1,0
Cc1cccc(C(Nc2ccc(NC(CNc3ccc(OC[C@H]4CCCO4)cc3)=O)cc2)=O)c1,0
COCCCNC(NNC(c1cc(C2CC2)nc3c1c(C4CC4)nn3c5ccccc5)=O)=S,0
c1ccc(COc2ccc(NC(CNc3cccc(C(NC[C@@H]4CCCO4)=O)c3)=O)cc2)cc1,0
c1ccc(COc2ccc(NC(CNc3cccc(C(NC[C@H]4CCCO4)=O)c3)=O)cc2)cc1,0
CCC[C@@H](N(C(c1c(N)c(C(N)=O)ns1)=O)c2cccc(C)c2)C(NCCC(C)C)=O,0
CCC[C@@H](N(C(c1c(N)c(C(N)=O)ns1)=O)c2ccc(C)cc2)C(NCCC(C)C)=O,0
CCC[C@@H](N(C(c1c(N)c(C(N)=O)ns1)=O)c2ccccc2C)C(NCCC(C)C)=O,0
CCC[C@@H](N(C(c1c(N)c(C(N)=O)ns1)=O)c2ccc(C)cc2C)C(NCCC(C)C)=O,0
CCC[C@@H](N(C(c1c(N)c(C(N)=O)ns1)=O)c2ccc(CC)cc2)C(NCCC(C)C)=O,0
Cc1cc(Cl)ccc1NC(C(N\N=C\c2ccc(OCC(NCCc3ccccc3)=O)cc2)=O)=O,0
Cc1ccc2c(c1)NC(=O)C(CN(C(NCCc3ccc(OC)c(OC)c3)=S)CCO)=C2,0
CC\C(=C(\NNC(CC#N)=O)/CCCC(Nc1ccc(Cl)cc1C)=O)\C(c2ccccc2)=O,0
Cc1cc(C)cc(NC(COc2ccccc2\C=N\NC(C(NCCc3ccccc3)=O)=O)=O)c1,0
c1ccc(COc2ccccc2NCC(Nc3cccc(C(NC[C@H]4CCCO4)=O)c3)=O)cc1,0
c1ccc2c(cccc2\C=C\C(NNC(CNC(C3CCCCC3)=O)=O)=O)c1,0
COc1ccc(CCCC(NNC(Cc2c[nH]c3c2cccc3)=O)=O)cc1,0
CC(CC(Nc1ccc(C(NNC(C2CCCCC2)=O)=O)cc1)=O)C,0
Cc1ccc(NC(C2CC2)=O)cc1NC(NOCc3ccccc3)=O,0
c1ccc(C(NNC(c2ccc(CNC(C3CCCC3)=O)cc2)=O)=O)cc1,0
CC(Nc1ccc(\C=N\NC(CCc2c[nH]c3c2cccc3)=O)cc1)=O,0
Cc1ccc(C(NNC(CCC(C)C)=O)=O)cc1NC(c2ccco2)=O,0
CCC(Nc1cccc(C(NNC(CCCc2ccccc2)=O)=O)c1)=O,0
CCCCCC(NNC(c1ccc(NC(C2CCCCC2)=O)cc1)=O)=O,0
COc1ccccc1CC(NNC(CCCc2c[nH]c3c2cccc3)=O)=O,0
Cc1cccc(OCC(NNC(Cc2c[nH]c3c2ccc(Cl)c3)=O)=O)c1,0
c1ccc2c(cccc2NC(CCC(N\N=C\c3c[nH]c4c3cccc4)=O)=O)c1,0
Cc1cc(CNC(Nc2ccc(C(NCCc3ccccc3)=O)cc2)=O)on1,0
c1ccc(CCC(NNC(c2ccc(NC(c3ccccc3)=O)cc2)=O)=O)cc1,0
c1ccc2c(c(CC(NNC(CCCOc3ccc(F)cc3F)=O)=O)c[nH]2)c1,0
C[C@H](NC(\C=C\c1ccccc1)=O)C(NNC(CCC2CCCCC2)=O)=O,0
C[C@@H](NC(\C=C\c1ccccc1)=O)C(NNC(CCC2CCCCC2)=O)=O,0
c1ccc(OCCC(NNC(Cc2c[nH]c3c2ccc(Cl)c3)=O)=O)cc1,0
c1ccc2c(c(CC(NNC(COc3cccc(C(F)(F)F)c3)=O)=O)c[nH]2)c1,0
Cc1ccc(NNC(CCNC(C2CCCC2)=O)=O)cc1Cl,0
Cc1ccccc1NC(NNC(CCCOCc2ccccc2)=O)=O,0
c1ccc(NCCCC(N\N=C\c2c[nH]c3c2cccc3)=O)cc1,0
COc1ccc(CCC(NNC(N[C@@H]2CCCc3c2cccc3)=O)=O)cc1,0
COc1ccc(CCC(NNC(N[C@H]2CCCc3c2cccc3)=O)=O)cc1,0
CC(NCCCCCC(NNc1c(Cl)cc(Cl)cc1Cl)=O)=O,0
CN(C(NC1CCC(O)CC1)=O)CCCc2cc(c3ccccc3)n[nH]2,0
CCCNC(NNC(c1ccc(COc2ccc3c(CCC3)c2)o1)=O)=O,0
c1ccc2c(c(CC(NNC(CCOc3ccccc3Cl)=O)=O)c[nH]2)c1,0
c1ccc(OCCNC(NNC(CC2CCCCC2)=O)=O)cc1,0
CC(c1nc(CCNC(NCCc2c[nH]c3c2cccc3)=O)on1)C,0
CC(c1nc(CCNC(NCCCc2c[nH]c3c2cccc3)=O)on1)C,0
C1CCC(CC(NCC(NNC(CC2CCCCC2)=O)=O)=O)CC1,0
Cc1ccc2c(c1)[nH]c(C(NNC(CCc3ccc(OC)cc3)=O)=O)c2,0
Cc1c2c(oc1C(NNC(NC[C@@H]3CCCO3)=S)=O)cccc2,0
CCOCC(NNC(NC1(c2ccc(Cl)cc2)CCCCC1)=O)=O,0
C[C@@H](NC(C1CCCCC1)=O)CC(NNC(c2ccc(Cl)cc2)=O)=O,0
C[C@H](NC(C1CCCCC1)=O)CC(NNC(c2ccc(Cl)cc2)=O)=O,0
C[C@@H](NC(c1ccc(Cl)cc1)=O)C(NNC(CC2CCCCC2)=O)=O,0
C[C@H](NC(c1ccc(Cl)cc1)=O)C(NNC(CC2CCCCC2)=O)=O,0
CCCCCC(NNC(c1ccc(NC(CC)=O)cc1)=O)=O,0
c1cc(F)ccc1NNC(CCCNC(C2CC2)=O)=O,0
CC(CCC(NNC(CCc1ccccc1O)=O)=O)C,0
CCc1ccccc1NC(C(NCCCCCO)=O)=O,0
Cc1ccc(OCCCC(NNC(NCC2CC2)=O)=O)cc1,0
Cc1cccc(OCCCC(NNC(NC(C)C)=O)=O)c1,0
Cc1ccc(OCCCC(NNC(NC(C)C)=O)=O)cc1,0
c1ccc(OCCCC(NNC(NCC2CC2)=O)=O)cc1,0
CCCC[C@H](NC(c1cccc(NC(CC)=O)c1)=O)CO,0
CCCC[C@@H](NC(c1cccc(NC(CC)=O)c1)=O)CO,0
C1CCC([C@H](O)CNC(CCCNC(C2CC2)=O)=O)CC1,0
C1CCC([C@@H](O)CNC(CCCNC(C2CC2)=O)=O)CC1,0
Cc1ccc(OCCCCNC(Nc2c[nH]nc2)=O)cc1,0
CCCCc1ccc(NCCC(NN)=O)cc1,0
c1cc(CNC(NCCCOC2CCCC2)=O)cc(O)c1,0
CCOc1ccccc1CCC(NNC(NC(C)C)=O)=O,0
C[C@H](NC(NNC(CCC1CCCCC1)=O)=O)COC,0
C[C@@H](NC(NNC(CCC1CCCCC1)=O)=O)COC,0
CCCCNC(c1ccc(CNC(c2cc[nH]n2)=O)cc1)=O,0
C[C@@H](NC(NNC(CCC(C)C)=O)=O)CC[C@@H]1CCCO1,0
C[C@@H](NC(NNC(CCC(C)C)=O)=O)CC[C@H]1CCCO1,0
C[C@H](NC(NNC(CCC(C)C)=O)=O)CC[C@@H]1CCCO1,0
C[C@H](NC(NNC(CCC(C)C)=O)=O)CC[C@H]1CCCO1,0
CCCCNC(NNC(CCC(c1ccccc1)=O)=O)=O,0
CCCNC(NNC(CCCC(c1ccc(F)cc1)=O)=O)=O,0
c1cc(CC(NNC(NC[C@@H]2CCCO2)=S)=O)sc1,0
c1cc(CC(NNC(NC[C@H]2CCCO2)=S)=O)sc1,0
CCCCOc1ccc(CCNC(NNC(C)=O)=O)cc1,0
CCCCNC(CNc1cccc(C(NC(C)(C)C)=O)c1)=O,0
CCCCNC(NNC(Cc1cccc(OC(C)C)c1)=O)=O,0
CCOCC(NNC(N[C@H](c1ccccc1)CC(C)C)=O)=O,0
CC(CNC(NNC(CCCOc1cccc(F)c1)=O)=O)C,0
CC(CCC(NNC(NCCOc1ccccc1)=O)=O)C,0
CCCCNC(NNC(c1ccc(OCC)cc1)=O)=O,0
CCCNC(CNc1cccc(C(NC(C)(C)C)=O)c1)=O,0
CCCCCNC(NNC(CCOc1ccccc1)=O)=O,0
CC[C@@H](NC(NNC(CCOc1ccccc1)=O)=O)C(C)C,0
c1ccc(OC[C@@H](O)CNC(NCC2CCCC2)=O)cc1,0
CCCCC1CCC(C(NNC(NCCOC)=O)=O)CC1,0
c1ccc2c(N\C(\N2)=C(\C(C[NH+]3CCN(c4ccccc4[N+]([O-])=O)CC3)=O)/C#N)c1,0
c1ccc2c(NC(C(N\N=C(\C3)/CCN(c4[nH+]cccc4[N+]([O-])=O)C3)=N2)=O)c1,0
COc1cccc2c1OC(C(C(N)=O)=C2)=[NH+]NC3=CN=NC([C@H]3Cl)=O,0
COc1cccc2c1OC(C(C(N)=O)=C2)=[NH+]NC3=CN=NC([C@@H]3Cl)=O,0
CC1CC[NH+](Cc2c(C(N\N=C\C3CCCCC3)=O)nnn2c4c(N)non4)CC1,0
c1cc[nH+]c(N2CCN(c3cc(NCCO)c([N+]([O-])=O)c4c3non4)CC2)c1,0
c1cc(N2CCCC2)c([N+]([O-])=O)cc1C(Nc3ccc(N4CC[NH2+]CC4)c([N+]([O-])=O)c3)=O,0
c1cc(N2CC[NH2+]CC2)c([N+]([O-])=O)cc1NC(c3cc([N+]([O-])=O)ccc3N4CCCC4)=O,0
CCC[NH+](Cc(sc(NC(c1cc([N+]([O-])=O)cc([N+]([O-])=O)c1)=O)n2)c2C3)C3,0
c1cc([N+]([O-])=O)ccc1c2nnc(C[NH+]3CCC(C(Nc4cc(Cl)ccc4O)=O)CC3)o2,0
C\C(\c1cccc2c1cccc2)=N/NC(c3c(C[NH+]4CCCCC4)nnn3c5c(N)non5)=O,0
C[C@H](c1ccccc1)\C=N\NC(c2c(C[NH+](CCCCC3)C3)n(c4c(N)non4)nn2)=O,0
C[NH+](C1CCCCC1)Cc2c(C(N\N=C\c3cccc(F)c3)=O)nnn2c4c(N)non4,0
c1cc(N2CC[NH2+]CC2)c([N+]([O-])=O)cc1NC(c3cc([N+]([O-])=O)ccc3Cl)=O,0
c1cc(N2CC[NH2+]CC2)c([N+]([O-])=O)cc1NC(c3ccc([N+]([O-])=O)cc3Cl)=O,0
c1cc(Cl)c([N+]([O-])=O)cc1C(Nc2ccc(N3CC[NH2+]CC3)c([N+]([O-])=O)c2)=O,0
C[n+]1c2c(sc1NNC(CCc3nc(c4ncccn4)no3)=O)cccc2,0
Cc1cc(N2CCN(C(CNC(c3cccc([N+]([O-])=O)c3)=O)=O)CC2)nc(C)[nH+]1,0
Cc1ccc(C(Nc2ccc(N3CC[NH2+]CC3)c([N+]([O-])=O)c2)=O)cc1[N+]([O-])=O,0
Cc1cc(C(Nc2ccc(N3CC[NH2+]CC3)c([N+]([O-])=O)c2)=O)ccc1[N+]([O-])=O,0
Cc1c(C(Nc2ccc(N3CC[NH2+]CC3)c([N+]([O-])=O)c2)=O)cccc1[N+]([O-])=O,0
c1cc(N2CC[NH2+]CC2)c([N+]([O-])=O)cc1NC(c3cc([N+]([O-])=O)ccc3N4CCCCC4)=O,0
c1cc(N2CCCCC2)c([N+]([O-])=O)cc1C(Nc3ccc(N4CC[NH2+]CC4)c([N+]([O-])=O)c3)=O,0
C[NH+](C1CCCCC1)Cc2c(C(N\N=C\c3cccs3)=O)nnn2c4c(N)non4,0
c1cc([N+]([O-])=O)ccc1CN2Cc3c(C[C@H]2c4nc(c5cnccn5)no4)[nH]c[nH+]3,0
c1cc(\C=C\C(Nc2ccc(N3CC[NH2+]CC3)c([N+]([O-])=O)c2)=O)cc([N+]([O-])=O)c1,0
C[C@H]1CCCC[NH+]1Cc2c(C(N\N=C(/c3ccc4c(c3)cccc4)\C)=O)nnn2c5c(N)non5,0
C[C@@H]1CCCC[NH+]1Cc2c(C(N\N=C(/c3ccc4c(c3)cccc4)\C)=O)nnn2c5c(N)non5,0
C[NH+](CCN(c1ccc(C(Nc2ccc3c(OCO3)c2)=O)cc1[N+]([O-])=O)C4)C4,0
Cc1cc(N2CCN(CC(Nc3ccc([N+]([O-])=O)cc3)=O)CC2)nc(C)[nH+]1,0
c1cc[nH+]c(N2CCN(c3cc(NCCCO)c([N+]([O-])=O)c4c3non4)CC2)c1,0
Cc1ccc(NC(CN2CCN(c3cc(C)[nH+]c(C)n3)CC2)=O)cc1[N+]([O-])=O,0
Cc1cc([N+]([O-])=O)ccc1NC(CN2CCN(c3cc(C)[nH+]c(C)n3)CC2)=O,0
Cc1ccc([N+]([O-])=O)cc1NC(CN2CCN(c3cc(C)[nH+]c(C)n3)CC2)=O,0
C1=CC(=C(C2=NN[C@@H](SCC(N3CC(Nc4c3cccc4)=O)=O)N2C5CC5)C6)C(=[NH+]6)C=C1,0
C1=CC(=C(C2=NN[C@H](SCC(N3CC(Nc4c3cccc4)=O)=O)N2C5CC5)C6)C(=[NH+]6)C=C1,0
Cc1cc(N2CCN(CC(Nc3ccccc3[N+]([O-])=O)=O)CC2)nc(C)[nH+]1,0
Cc1ccc(NC(CN2CCN(c3cc(C)[nH+]c(C)n3)CC2)=O)c([N+]([O-])=O)c1,0
Cc1cccc([N+]([O-])=O)c1NC(CN2CCN(c3cc(C)[nH+]c(C)n3)CC2)=O,0
Cc1ccc(c2csc(N(NC(NC3CCCCC3)=O)C(Nc4ccc(Cl)cc4)=O)n2)cc1,0
C[C@H](NC(c1cc(NC(Nc2ccc(C(C)C)cc2)=O)ccc1N3CCCC3)=O)c4ccccc4,0
C[C@@H](NC(c1cc(NC(Nc2ccc(C(C)C)cc2)=O)ccc1N3CCCC3)=O)c4ccccc4,0
Cc1ccc(NC(N(NC(NC2CCCCC2)=O)c3nc(c4ccc(F)cc4)cs3)=O)cc1,0
c1ccc(c2c(SCCNC(C(c3c[nH]c4c3cccc4)=O)=O)c5c([nH]2)cccc5)cc1,0
Cc1c(C(C(NCCSc2c3c([nH]c2c4ccccc4)cccc3)=O)=O)c5c([nH]1)cccc5,0
c1ccc(CCNC(c2cccc3c2N[C@@H](c4c5c(ccc4O)cccc5)[C@H]6[C@H]3C=CC6)=O)cc1,0
c1ccc(CCNC(c2cccc3c2N[C@H](c4c5c(ccc4O)cccc5)[C@H]6[C@H]3C=CC6)=O)cc1,0
c1cc(c2[nH]c3c(n2)cc(NC(C4CCCCC4)=O)cc3)cc(NC(C5CCCCC5)=O)c1,0
c1ccc([C@](O)(C(NNc2ccc(C3CCCCC3)cc2)=O)c4cccs4)cc1,0
c1ccc([C@@](O)(C(NNc2ccc(C3CCCCC3)cc2)=O)c4cccs4)cc1,0
CC[C@H](NC(c1cc(NC(Nc2cccc(C)c2)=O)ccc1N3CCc4c(C3)cccc4)=O)C,0
CC[C@@H](NC(c1cc(NC(Nc2cccc(C)c2)=O)ccc1N3CCc4c(C3)cccc4)=O)C,0
Cc1ccc(NC(Nc2ccc(N3CCCCC3)c(C(NCCc4ccccc4)=O)c2)=O)cc1C,0
C[C@H](NC(c1cc(NC(Nc2ccc(C(C)C)cc2)=O)ccc1N3CCCCC3)=O)c4ccccc4,0
C[C@@H](NC(c1cc(NC(Nc2ccc(C(C)C)cc2)=O)ccc1N3CCCCC3)=O)c4ccccc4,0
CCc1ccc(NC(Nc2ccc(N3CCCCC3)c(C(NCc4ccccc4)=O)c2)=O)cc1,0
Cc1ccccc1NC(Nc2ccc(N3CCC(C)CC3)c(C(NCCc4ccccc4)=O)c2)=O,0
Cc1cccc(NC(Nc2ccc(N3CCC(C)CC3)c(C(NCCc4ccccc4)=O)c2)=O)c1C,0
Cc1ccc(NC(Nc2ccc(N3CCC(C)CC3)c(C(NCCc4ccccc4)=O)c2)=O)c(C)c1,0
Cc1ccc(NC(Nc2ccc(N3CCC(C)CC3)c(C(NCCc4ccccc4)=O)c2)=O)cc1C,0
c1ccc2c([nH]c(c3cc(NC(C4CCCCC4)=O)ccc3NC(C5CCCCC5)=O)n2)c1,0
Cc1ccc(NC(Nc2cc(NC(c3ccccc3)=O)ccc2N4CCCCCC4)=O)cc1,0
Cc1cccc(NC(Nc2cc(NC(c3ccccc3)=O)ccc2N4CCCCCC4)=O)c1,0
Cc1ccccc1NC(Nc2cc(NC(c3ccccc3)=O)ccc2N4CCCCCC4)=O,0
Cc1ccc(NC(Nc2ccc(N3CCC(C)CC3)c(C(N[C@H](c4ccccc4)C)=O)c2)=O)cc1C,0
Cc1ccc(NC(Nc2ccc(N3CCC(C)CC3)c(C(N[C@@H](c4ccccc4)C)=O)c2)=O)cc1,0
Cc1ccc(NC(Nc2ccc(N3CCC(C)CC3)c(C(N[C@H](c4ccccc4)C)=O)c2)=O)cc1,0
Cc1ccc(NC(Nc2ccc(N3CCC(C)CC3)c(C(N[C@@H](c4ccccc4)C)=O)c2)=O)cc1C,0
Cc1cc(NC(NC(c2ccc3c(c2)cccc3)=O)=S)ccc1c4ccc(CO)o4,0
Cc1ccc(c2ccc(CO)o2)cc1NC(NC(c3cccc4c3cccc4)=O)=S,0
Cc1ccc(c2ccc(CO)o2)cc1NC(NC(c3ccc4c(c3)cccc4)=O)=S,0
Cc1cc(NC(NC(c2cccc3c2cccc3)=O)=S)ccc1c4ccc(CO)o4,0
c1ccc(Cl)c(C(Nc2ccc(N3CCCCC3)c(NC(NCc4ccc(F)cc4)=O)c2)=O)c1,0
CCc1ccc(NC(Nc2cc(NC(c3ccccc3Cl)=O)ccc2N4CCCCC4)=O)cc1,0
Cc1ccc(NC(Nc2cc(NC(c3ccccc3)=O)ccc2N4CCCCCC4)=O)cc1C,0
Cc1ccc(NC(Nc2cc(NC(c3ccccc3Cl)=O)ccc2N4CCCCC4)=O)c(C)c1,0
Cc1cc(C)cc(NC(Nc2cc(NC(c3ccccc3Cl)=O)ccc2N4CCCCC4)=O)c1,0
Cc1ccc(NC(Nc2cc(NC(c3ccccc3Cl)=O)ccc2N4CCCCC4)=O)cc1C,0
CC1=NC(c2ccc(NC(N3CCN(c4ccc([N+]([O-])=O)nc4)CC3)=O)cc2)=CC(=O)N1,0
c1ccc([N+]([O-])=O)c([C@H]2C3=C(NC([C@H]2C#N)=O)N=C(N4CCCCC4)NC3=O)c1,0
c1ccc([N+]([O-])=O)c([C@@H]2C3=C(NC([C@H]2C#N)=O)N=C(N4CCCCC4)NC3=O)c1,0
c1ccc([N+]([O-])=O)c([C@@H]2C3=C(NC([C@@H]2C#N)=O)N=C(N4CCCCC4)NC3=O)c1,0
c1ccc([N+]([O-])=O)c([C@H]2C3=C(NC([C@@H]2C#N)=O)N=C(N4CCCCC4)NC3=O)c1,0
Cc1cc(C(Nc2cccc(S(\N=C(/N3)\CCC3)(=O)=O)c2)=O)ccc1[N+]([O-])=O,0
c1cc(NC(c2cc(Cl)ccc2[N+]([O-])=O)=O)cc(S(\N=C(/N3)\CCC3)(=O)=O)c1,0
Cc1ccc([N+]([O-])=O)cc1C(NNC(c2csc(N3CCOCC3)n2)=O)=O,0
c1cc(CS(N)(=O)=O)cc(NC(c2cc([N+]([O-])=O)cc3c2OCCO3)=O)c1,0
c1cc2c(OCO2)cc1NC(CSc3nnc4n3C5=C(CCCC5)C(N4)=O)=O,0
Cc1cc(C)n2c(nnc2SCC(NN3C(C4(NC3=O)CCCCC4)=O)=O)n1,0
c1cc2c(OCCO2)cc1NC(CSc3nnc4n3C5=C(CCCC5)C(N4)=O)=O,0
COC(c1cn([C@H]2CO[C@H]3[C@@H]2OC[C@@H]3NC(Nc4cccc5c4cccc5)=O)nn1)=O,0
c1cc(NC(c2cc3c(OCO3)c(Cl)c2)=O)cc(S(\N=C(/N4)\CCC4)(=O)=O)c1,0
c1cc(n2cncn2)c([N+]([O-])=O)cc1C(NNC(c3ccc(Cl)nc3)=O)=O,0
CC1=C(C(Nc2ccccc2)=O)[C@@H](c3ccc([N+]([O-])=O)cc3)n4c(N1)nnn4,0
CC1=C(C(Nc2ccccc2)=O)[C@H](c3ccc([N+]([O-])=O)cc3)n4c(N1)nnn4,0
COc1ccc(NC(NC(CN2C=Nc3c(C2=O)ccc([N+]([O-])=O)c3)=O)=O)cc1,0
c1ccc(C2=CC(c3c(O2)cc(OCC(N[C@H]4CCS(C4)(=O)=O)=O)cc3O)=O)cc1,0
CC(NN1C2=C(C(CC(C)(C)C2)=O)[C@H](c3cccc([N+]([O-])=O)c3)C(C#N)=C1N)=O,0
CC(NN1C2=C(C(CC(C)(C)C2)=O)[C@@H](c3cccc([N+]([O-])=O)c3)C(C#N)=C1N)=O,0
COc1ccc(S(N2CCC(C(\N=C(/N3)\Nc(cccc4)c34)=O)CC2)(=O)=O)cc1,0
c1cc(n2cnnn2)ccc1C(NNC(c3ccc(Cl)cc3[N+]([O-])=O)=O)=O,0
Cc1cc(O)n2c(cc([C@H]3CCCN3C(Cc4c(C)nc(C)nc4O)=O)n2)n1,0
Cc1cc(O)n2c(cc([C@@H]3CCCN3C(Cc4c(C)nc(C)nc4O)=O)n2)n1,0
Cc1cc(C)n2c(nc(SCC(Nc3ccc(S(N)(=O)=O)cc3)=O)n2)n1,0
Cc1cc(C)n2c(nc(SCC(Nc3cccc(S(N)(=O)=O)c3)=O)n2)n1,0
c1cc(S(N)(=O)=O)sc1CNC(c2cc([N+]([O-])=O)cc3c2OCCO3)=O,0
c1cnc(NS(c2ccc(NC(c3ccc4c(OCCO4)c3)=O)cc2)(=O)=O)nc1,0
c1cc(NS(c2ccc3c(OCCO3)c2)(=O)=O)ccc1NC(c4cnns4)=O,0
Cc1c(C(N\N=C(\c2ccc(Br)cc2)/C)=O)n(c3c(N)non3)nn1,0
CC(N1[C@@H](c2ccc(OC)cc2)C\C(=C(/C3=O)\C(=O)N(c4ccccc4OC)C(=O)N3)\N1)=O,0
CC(N1[C@H](c2ccc(OC)cc2)C\C(=C(/C3=O)\C(=O)N(c4ccccc4OC)C(=O)N3)\N1)=O,0
Cc1nnc(SCC2=CC(C3=C(NN(c4ccccc4)C3=O)N2)=O)s1,0
c1c(C2(O)CCCC2)nnn1CC3CCN(c4c5c(ncn4)[nH]cn5)CC3,0
c1ccc(C2=CC(c3c(O2)cc(OCC(N[C@H]4CS(C=C4)(=O)=O)=O)cc3O)=O)cc1,0
c1ccc(C2=CC(c3c(O2)cc(OCC(N[C@@H]4CS(C=C4)(=O)=O)=O)cc3O)=O)cc1,0
Cc1c(CCC(NCc2nnc3n2CCCCC3)=O)c(C)n4c(nc(N)n4)n1,0
C[C@@H](O)CN(c1c2c(ncn1)c3c(o2)nc(CC(C)(C)OC4)c4c3)C[C@@H](O)C,0
CCCCSc1ccccc1NC(CSc2nc(N\N=C\c3cccc(Cl)c3)[nH]n2)=O,0
CCCC\C(\C)=N\Nc1nc(SCCC(Nc2ccc(OC(F)(F)F)cc2)=O)n[nH]1,0
CCCCOc1ccc(C(Oc2ccc(\C=N\NC(c3ccc(O)cc3O)=O)cc2)=O)cc1,0
c1ccc(CCN(c2cc(NCCCO)c([N+]([O-])=O)c3c2non3)Cc4ccccc4)cc1,0
c1ccc(CCCNc2nc(NCCCc3ccccc3)n(C(c4ccc([N+]([O-])=O)cc4)=O)n2)cc1,0
c1ccc(Oc2ccc(NC(COC(CCCSc3[nH]c4c(n3)cccc4)=O)=O)cc2)cc1,0
CC(CCOc1ccc(c2c(NC3CCCCC3)n4c(c(C(OC)=O)c[nH]4)n2)cc1OC)C,0
c1ccc(CCCOC(CCCC(NC(Nc2cc([N+]([O-])=O)ccc2O)=S)=O)=O)cc1,0
CCCCOC(c1ccc(NC(NC(c2ccc(N3CCCC3)c([N+]([O-])=O)c2)=O)=S)cc1)=O,0
CCCCNC(c1c(c(c2ccc(OC)cc2)n[nH]3)c3nc(c4cc(OC)c(OC)cc4OC)c1)=O,0
Cc1ccc(NC(CC\C(\CC(C(C)(C)C)=O)=N\Nc2ccc([N+]([O-])=O)cc2[N+]([O-])=O)=O)cc1C,0
Cc1c(CCN\C(=N/C(c2ccc(OC)c(OC)c2)=O)\Nc3ccc(C(C)C)cc3)c(C)n(C)n1,0
Cc1ccccc1NCc2nnc(SCCC(Nc3ccc([N+]([O-])=O)cc3)=O)n2c4ccccc4,0
Cc1ccccc1NCc2nnc(SCCC(Nc3cccc([N+]([O-])=O)c3)=O)n2c4ccccc4,0
c1ccc(COC(N[C@H](C(Oc2ccc([N+]([O-])=O)cc2)=O)Cc3c[nH]c4c3cccc4)=O)cc1,0
CCc1ccccc1N\C(=N/C(c2ccc(OC)c(OC)c2)=O)\NCCc3c(C)nn(C)c3C,0
Cc1ccccc1NCc2nnc(SCCC(Nc3ccccc3[N+]([O-])=O)=O)n2c4ccccc4,0
CCN(c1ccc(\C=N\NC(CCCSc2nc3c(s2)cccc3)=O)c(O)c1)CC,0
CCOc1ccc(C(\N=C(/NCCc2c(C)nn(C)c2C)\Nc3cc(C)cc(C)c3)=O)cc1OCC,0
Cc1ccc(C(C)C)c(OCc2nnc(S[C@@H](C(NCCC3=CCCCC3)=O)C)n2N)c1,0
Cc1ccc(C(C)C)c(OCc2nnc(S[C@H](C(NCCC3=CCCCC3)=O)C)n2N)c1,0
C=CCc1cccc(\C=N\Nc2nc(SCCC(Nc3cccc4c3cccc4)=O)n[nH]2)c1O,0
CCCCCCc1cc2c(cc1O)OC(=O)C(\C(\C)=N\NC(c3ccc([N+]([O-])=O)cc3)=O)=C2,0
CCn1c(c2ccc(C(C)(C)C)cc2)nnc1SCC(N\N=C\c3ccc(O)c(OCC)c3)=O,0
CCCCCCn1c(N)c(C(NCCc2ccc(OC)c(OC)c2)=O)c3c1nc4c(n3)cccc4,0
COc1ccc(Nc2cc(C(NCCCSC3CCCCC3)=O)c4c(n2)cccc4)c(OC)c1,0
COc1ccc(c2n[nH]c(n2)S[C@@H](c3ccc(OC)c(OC)c3)CC(NCc4ccccc4)=O)cc1,0
c1ccc(CCOC(CCC(NC(Nc2ccc(Cl)c([N+]([O-])=O)c2)=S)=O)=O)cc1,0
Cc1cccc(NC(CCSc2nc(N\N=C\c3cccc(CC=C)c3O)[nH]n2)=O)c1,0
CCOc1cccc(\C=N\NC(c2cc(c3cccc(OCc4ccccc4)c3)[nH]n2)=O)c1O,0
Cc1ccc(NC(CCSc2nc(N\N=C\c3cccc(CC=C)c3O)[nH]n2)=O)c(C)c1,0
CCOc1ccc(C(\N=C(/NCCc2c(C)nn(C)c2C)\Nc3cccc(Cl)c3)=O)cc1OCC,0
CCOc1ccc(C(\N=C(\NCCc2c(C)nn(C)c2C)/Nc3ccccc3F)=O)cc1OCC,0
Cc1ccc2c(c1C)nc(O)c(CN(C(Nc3ccccc3C(OC)=O)=S)CCO)c2,0
Cc1cc(C)c2c(c1)nc(O)c(CN(C(Nc3ccccc3C(OC)=O)=S)CCO)c2,0
Cc1ccc(NCC(N\N=C\c2cc([N+]([O-])=O)ccc2N(CC(C)C)CC(C)C)=O)cc1,0
CCSc1nc(NCC(C)C)c2c(n1)n(CCNC(CCC3CCCCC3)=O)nc2,0
Cc1ccc(NC(CCSc2nc(N\N=C\c3cccc(CC=C)c3O)[nH]n2)=O)cc1,0
Cc1ccccc1NC(CCSc2nc(N\N=C\c3cccc(CC=C)c3O)[nH]n2)=O,0
C[C@@H]1CCC[NH+](Cc2c(O)ccc3c2O\C(\C3=O)=C/c4cccc([N+]([O-])=O)c4)C1,0
C[C@@H]1CCCC[NH+]1Cc2c(O)ccc3c2O\C(\C3=O)=C/c4cccc([N+]([O-])=O)c4,0
C[C@H]1CCC[NH+](Cc2c(O)ccc3c2O\C(\C3=O)=C/c4cccc([N+]([O-])=O)c4)C1,0
C[C@H]1CCCC[NH+]1Cc2c(O)ccc3c2O\C(\C3=O)=C/c4cccc([N+]([O-])=O)c4,0
Cc1cc(O)c(C[NH+]2CCCC[C@@H]2C)c3c1C(\C(\O3)=C\c4ccc([N+]([O-])=O)cc4)=O,0
Cc1cc(O)c(C[NH+]2CCCC[C@H]2C)c3c1C(\C(\O3)=C\c4ccc([N+]([O-])=O)cc4)=O,0
Cc1cc(N2CCN(C(c3cc4c([nH]3)ccc([N+]([O-])=O)c4)=O)CC2)nc(C)[nH+]1,0
c1cc2c(OCCO2)cc1C3=C(C(NCc4cc[nH+]c(N5CCCC5)c4)=O)CN=N3,0
COc1ccccc1[C@H]2NC(C3CCN(C([C@H]4C=C5C(=[NH+]4)C=CC=C5)=O)CC3)=NO2,0
COc1ccccc1[C@@H]2NC(C3CCN(C([C@H]4C=C5C(=[NH+]4)C=CC=C5)=O)CC3)=NO2,0
COc1ccccc1[C@@H]2NC(C3CCN(C([C@@H]4C=C5C(=[NH+]4)C=CC=C5)=O)CC3)=NO2,0
COc1ccccc1[C@H]2NC(C3CCN(C([C@@H]4C=C5C(=[NH+]4)C=CC=C5)=O)CC3)=NO2,0
COc1cc([N+]([O-])=O)ccc1NC(N2CCN(c3[nH+]cccc3)CC2)=O,0
C1=CC(=C(CCNC(C2=C(c3ccc4c(OCCO4)c3)N=NC2)=O)C5)C(=[NH+]5)C=C1,0
Cc1cc(N2CCN(C(Nc3ccc(Cl)c([N+]([O-])=O)c3)=O)CC2)nc(C)[nH+]1,0
c1cnc(c2nc([C@@H]3Cc4c(CN3CC5CCCCC5)[nH+]c[nH]4)on2)cn1,0
CC1=C2C(=CC(=[NH+]C(CCc3nc(c4cccs4)no3)=O)C=C2)OC(O)=C1,0
c1cc2c(nsn2)cc1C[NH+](C[C@H](Nc3ccc4c(OCCO4)c3)CC5)C5,0
c1cc2c(nsn2)cc1C[NH+](C[C@@H](Nc3ccc4c(OCCO4)c3)CC5)C5,0
CC1(C)CN(c2cc[nH+]c(C(NCc3ccc4c(OCO4)c3)=O)c2)CCO1,0
COc1ccc(CN2Cc3c(C[C@H]2c4nc(c5ccncc5)no4)[nH]c[nH+]3)cc1,0
Cc1ccc2c(c(OCC(Nc3cccc(n4c(C)nnn4)c3)=O)cc(C)[nH+]2)c1,0
Cc1ccc(C(Nc2ccc3c(N=[NH+]C3)c2)=O)cc1S(N4CCOCC4)(=O)=O,0
Cc1cc(C(NC[C@@H]2N=N[C@@H]3N2CCN(C[C@@H]4C=C5C(=[NH+]4)C=CC=C5)CC3)=O)c(C)o1,0
Cc1cc(C(NC[C@@H]2N=N[C@H]3N2CCN(C[C@@H]4C=C5C(=[NH+]4)C=CC=C5)CC3)=O)c(C)o1,0
Cc1cc(C(NC[C@H]2N=N[C@H]3N2CCN(C[C@@H]4C=C5C(=[NH+]4)C=CC=C5)CC3)=O)c(C)o1,0
Cc1cc(C(NC[C@H]2N=N[C@@H]3N2CCN(C[C@@H]4C=C5C(=[NH+]4)C=CC=C5)CC3)=O)c(C)o1,0
Cc1ccc2c(c1)nc(O)c([C@@H]([NH+](CCCCC3)C3)c4nnnn4C(C)(C)C)c2,0
c1cc2c(nsn2)cc1C[NH+](C[C@@H](Nc3ccc4c(OCO4)c3)CC5)C5,0
c1cc2c(nsn2)cc1C[NH+](C[C@H](Nc3ccc4c(OCO4)c3)CC5)C5,0
c1cc(S(N2CCOCC2)(=O)=O)ccc1C(Nc3ccc4c(N=[NH+]C4)c3)=O,0
CN(c1ccc(CN2Cc3c(C[C@H]2c4nc(c5ccncc5)no4)[nH]c[nH+]3)cc1)C,0
COc1cc(\C=N\N2CC[NH+]([C@@H]3c4c(c5c3cccc5)cccc4)CC2)cc(OC)c1O,0
Cc1cc(N2CCN(CC(Nc3cc(C(C)(C)C)nn3C)=O)CC2)nc(C)[nH+]1,0
Cc1c(C)[nH+]cnc1N2CCC(n3cc(C(NC4CCCC4)=O)nn3)CC2,0
CSc1nc(C(NCc2ccc[nH+]c2N3CCOCC3)=O)c4n1cccc4,0
c1cc(F)ccc1CN2Cc3c(C[C@H]2c4nc(c5cnccn5)no4)[nH]c[nH+]3,0
c1cc(Cl)ccc1CN2Cc3c(C[C@H]2c4nc(c5cnccn5)no4)[nH]c[nH+]3,0
Cc1cc(O)c(C[NH+](CCC2)C2)c3c1C(\C(\O3)=C\c4cc(OC)ccc4OC)=O,0
C\C=C(/NNC(c1cccs1)=O)\c2ccc(O)cc2,0
c1cc(C(NNC(c2cc(F)cc(F)c2)=O)=O)cc(O)c1,0
c1cc(C(NNC(c2ccc(F)cc2)=O)=O)cc(O)c1,0
c1ccc(C(O)(C(NNC(C2CC2)=O)=O)c3ccccc3)cc1,0
C\C(\NNC(c1ccco1)=O)=C/C(Nc2ccc(Cl)cc2)=O,0
c1ccc2c(c(\C=N\NC(c3ccc(O)cc3)=O)c[nH]2)c1,0
Cc1ccc(C(NNC(c2ccsc2)=O)=O)c(O)c1,0
c1ccc2c(c(C(NNC(c3ccc(C=O)cc3)=O)=O)c[nH]2)c1,0
Cc1ccc(C(NNC(c2c(C)ccs2)=O)=O)c(O)c1,0
Cc1ccc(C(NNC(c2c(C)ccs2)=O)=O)cc1NC(C)=O,0
CS(Nc1ccc(NC(c2ccc3c(c2)[nH]cc3)=O)cc1)(=O)=O,0
c1ccc2c(c(C(N\N=C\c3ccc(O)cc3)=O)c[nH]2)c1,0
c1cc2c(c(C(N\N=C/c3ccc(O)cc3)=O)c1)[nH]cc2,0
Cc1ccsc1C(NNC(c2cccc3c2cn[nH]3)=O)=O,0
Cc1ccc(C(NNC(c2ccc(Cl)s2)=O)=O)c(O)c1,0
c1ccc([C@@H](O)C(N\N=C\c2cc3c([nH]2)cccc3)=O)cc1,0
c1ccc([C@H](O)C(N\N=C\c2cc3c([nH]2)cccc3)=O)cc1,0
c1cc(C(Nc2ccc(C(Nc3ccc(O)cc3)=O)cc2)=O)oc1,0
CC(c1cc(C(Nc2ccc(NC(NC)=O)cc2)=O)on1)C,0
Cc1cccc(C(NNC(c2ccccc2O)=O)=O)c1C,0
c1ccc(O)c(C(NNC(c2cccc(C(F)(F)F)c2)=O)=O)c1,0
c1ccc(O)c(C(NNC([C@@H]2C[C@H]2c3cccc(F)c3)=O)=O)c1,0
c1ccc(O)c(C(NNC([C@H]2C[C@@H]2c3cccc(F)c3)=O)=O)c1,0
c1ccc(O)c(C(NNC([C@@H]2C[C@@H]2c3cccc(F)c3)=O)=O)c1,0
Cc1ccsc1C(NNC(c2cc(cc3c2[nH]nc3)C)=O)=O,0
C[C@@H](NC(C)=O)C(NNC(c1cc2c(CCCCCC2)s1)=O)=O,0
c1cc(NC(C2CC2)=O)ccc1C(NNC(C3CCCCC3)=O)=O,0
c1cc(NC(C2CCCCC2)=O)ccc1C(NNC(C3CC3)=O)=O,0
CC[C@H](C(NNC(c1ccc(C)cc1O)=O)=O)C,0
CC[C@@H](C(NNC(c1ccc(C)cc1O)=O)=O)C,0
CC(c1cc(C(Nc2ccc(NC(N)=O)cc2)=O)on1)C,0
C\C(\NNC(C1CCCCC1)=O)=C/C(Nc2ccc(F)cc2)=O,0
CC(NC(NNC(CSc1ccc2c(c1)cccc2)=O)=O)C,0
Cc1c2c(oc1C(NNC(C(NC(C)C)=O)=O)=O)c(Cl)ccc2,0
c1cc(Cl)ccc1C(NNC(c2ccc3c(nc[nH]3)c2)=O)=O,0
c1ccc(c2cc(C(NNC(c3ccc[nH]3)=O)=O)no2)cc1,0
C\C(\c1ccc(O)cc1)=N/NC(Cc2c[nH]c3c2cccc3)=O,0
Cc1ccc(O)c(C(NNC(Cc2ccccc2F)=O)=O)c1,0
Cc1ccc(O[C@@H](C(NNC(NC(C)C)=O)=O)C)cc1,0
Cc1ccc(CCCCC(Nc2cccc(NC(COC)=O)c2)=O)cc1,0
CC(Nc1cccc(CNC(CCCCCc2ccc(OC)cc2)=O)c1)=O,0
CC(C(Nc1cccc(CNC(CCCc2ccc(OC)cc2)=O)c1)=O)C,0
CCCCO[C@H](C(NCc1cccc(NC(C2CCCC2)=O)c1)=O)C,0
CCCC(Nc1cccc(CNC(CCCc2ccc(OC)cc2)=O)c1)=O,0
c1ccc(COCCCC(NCc2cccc(NC(C3CCC3)=O)c2)=O)cc1,0
COc1ccc(C2(CNC(CCCNC(C3CC3)=O)=O)CCCCC2)cc1,0
c1ccc(CNC(CNC(CCc2cccc(OC3CCCC3)c2)=O)=O)cc1,0
CC[C@@H](NC(C(Nc1cccc(COCC2CC2)c1)=O)=O)c3ccc(C)cc3,0
C[C@@H](NC(C(Nc1cccc(COCC2CC2)c1)=O)=O)CCc3ccccc3,0
CCCCCOc1ccc(C(NNC(CCc2ccccc2)=O)=O)cc1,0
CCCc1ccc(C(CCC(NCC(Nc2c(C)cccc2C)=O)=O)=O)cc1,0
c1ccc(CCOCC(N[C@@H](C(Nc2ccccc2)=O)c3ccccc3)=O)cc1,0
c1ccc(CCOCC(N[C@H](C(Nc2ccccc2)=O)c3ccccc3)=O)cc1,0
CCCc1ccc(C(CCC(Nc2cc(C(NCC)=O)ccc2C)=O)=O)cc1,0
CCCc1ccc(C(CCC(Nc2ccc(C(NCC)=O)cc2C)=O)=O)cc1,0
CCCCCOc1ccccc1C(NNC(CCc2ccccc2)=O)=O,0
CC[C@H](NC(C(Nc1cccc(COCCc2ccccc2)c1)=O)=O)C,0
CCC(NC(C(Nc1cccc(COCCc2ccccc2)c1)=O)=O)CC,0
c1ccc(CCNC(CNC([C@H](Oc2ccccc2)c3ccccc3)=O)=O)cc1,0
c1ccc(CCNC(CNC([C@@H](Oc2ccccc2)c3ccccc3)=O)=O)cc1,0
C[C@H](CC(Nc1ccc(NC(COC)=O)cc1)=O)CCc2ccccc2,0
c1ccc(COCCCC(Nc2ccc(Cl)c(C(NC3CC3)=O)c2)=O)cc1,0
c1ccc(COCCCC(Nc2ccc(C(NC3CC3)=O)c(Cl)c2)=O)cc1,0
COc1ccc(CCCCC(NCC(Nc2ccc(F)cc2)=O)=O)cc1,0
CCCCCCOc1ccccc1C(NNC(Cc2ccccc2)=O)=O,0
CCCc1ccc(C(CCC(Nc2ccc(NC(CC)=O)cc2)=O)=O)cc1,0
CC(Oc1ccc(C(NCC(NCCCc2ccccc2)=O)=O)cc1)C,0
CC(Oc1ccc(C(NCC(NCCCCc2ccccc2)=O)=O)cc1)C,0
Cc1ccc(OCCCCNC(CNC(Cc2cccc3c2cccc3)=O)=O)cc1,0
Cc1ccc(OCCCCNC(CNC(c2cc(C)cc(C)c2)=O)=O)cc1,0
CC(NC(CCCC(N[C@@H]1C[C@@H]1c2ccc(OCc3ccccc3)cc2)=O)=O)C,0
CC(NC(CCCC(N[C@H]1C[C@@H]1c2ccc(OCc3ccccc3)cc2)=O)=O)C,0
Cc1ccc(CCCC(NNC(CCc2ccc(OC)cc2)=O)=O)cc1,0
CCCCO[C@H](C(Nc1ccc(C(NCCc2ccccc2)=O)cc1)=O)C,0
c1ccc(CCCNC(CSCC(Nc2ccc(F)cc2)=O)=O)cc1,0
COC(Nc1ccc(NC(CCCCCc2cccs2)=O)cc1)=O,0
Cc1cccc(COc2ccc([C@H](NC(CCCCCNC(C)=O)=O)C)cc2)c1,0
Cc1cccc(COc2ccc([C@@H](NC(CCCCCNC(C)=O)=O)C)cc2)c1,0
CCC[NH+](C[C@H](O)Cc1ccccc1)Cc2c(C)nn(c3ccccc3)c2Oc4ccccc4OC,0
CCC[NH+](C[C@@H](O)Cc1ccccc1)Cc2c(C)nn(c3ccccc3)c2Oc4ccccc4OC,0
CCC[NH+](C[C@H](O)CC)Cc1c(C)nn(c2cccc(Cl)c2)c1Oc3ccc(OC)cc3,0
CCC[NH+](C[C@@H](O)CC)Cc1c(C)nn(c2cccc(Cl)c2)c1Oc3ccc(OC)cc3,0
Cc1ccc(C)c(OCCCCC(Nc2nc(CN3CCN(c4cccc[nH+]4)CC3)cs2)=O)c1,0
CC[C@@H]([NH+](C[C@H](O)COCC#C)Cc1c(C)nn(c2ccccc2)c1Oc3ccccc3)C,0
CC[C@H]([NH+](C[C@H](O)COCC#C)Cc1c(C)nn(c2ccccc2)c1Oc3ccccc3)C,0
CCc1ccc2c(C=C(C[NH+]([C@H](c3nnnn3CCc4ccccc4)CC)Cc5ccccc5)C(N2)=O)c1,0
CCc1ccc2c(C=C(C[NH+]([C@H](c3nnnn3Cc4ccccc4)CC)CCc5ccccc5)C(N2)=O)c1,0
CCc1ccc2c(C=C(C[NH+]([C@@H](c3nnnn3CCc4ccccc4)CC)Cc5ccc(C)cc5)C(N2)=O)c1,0
CCc1ccc2c(C=C(C[NH+]([C@@H](c3nnnn3Cc4ccccc4)CC)CCc5ccccc5)C(N2)=O)c1,0
CCc1ccc2c(C=C(C[NH+]([C@H](c3nnnn3CCc4ccccc4)CC)Cc5ccc(C)cc5)C(N2)=O)c1,0
CCc1ccc2c(C=C(C[NH+]([C@@H](c3nnnn3CCc4ccccc4)CC)Cc5ccccc5)C(N2)=O)c1,0
CC[C@@H](c1ccccc1NC([C@@H](Sc2nnc(C[NH+]3CCCCC3)n2Cc4ccccc4)C)=O)C,0
CC[C@@H](c1ccccc1NC([C@H](Sc2nnc(C[NH+]3CCCCC3)n2Cc4ccccc4)C)=O)C,0
CC[C@H](c1ccccc1NC([C@H](Sc2nnc(C[NH+]3CCCCC3)n2Cc4ccccc4)C)=O)C,0
CC[C@H](c1ccccc1NC([C@@H](Sc2nnc(C[NH+]3CCCCC3)n2Cc4ccccc4)C)=O)C,0
CC(c1c(C[NH+](C2CC2)C[C@H](O)COC(C)C)c(Oc3cccc(F)c3)n(c4ccccc4)n1)C,0
CC(c1c(C[NH+](C2CC2)C[C@@H](O)COC(C)C)c(Oc3cccc(F)c3)n(c4ccccc4)n1)C,0
CCC[C@@H]([NH+](C1CCCCC1)CC2=Cc3c(NC2=O)cc(C)cc3)c4nnnn4CCc5ccccc5,0
CCC[C@H]([NH+](C1CCCCC1)CC2=Cc3c(NC2=O)cc(C)cc3)c4nnnn4CCc5ccccc5,0
CCc1ccc2c(C=C(C[NH+]([C@@H](c3nnnn3Cc4ccccc4)CC)Cc5ccc(C)cc5)C(N2)=O)c1,0
CCc1ccc2c(C=C(C[NH+]([C@H](c3nnnn3Cc4ccccc4)CC)Cc5ccc(C)cc5)C(N2)=O)c1,0
Cc1c(C[NH+](C2CC2)C[C@@H](O)COc3ccccc3)c(Oc4ccccc4)n(c5ccccc5)n1,0
Cc1c(C[NH+](C2CC2)C[C@H](O)COc3ccccc3)c(Oc4ccccc4)n(c5ccccc5)n1,0
CC(c1c(C[NH+](C2CC2)C[C@H](O)COC(C)(C)C)c(Oc3cccc(F)c3)n(c4ccccc4)n1)C,0
CC(c1c(C[NH+](C2CC2)C[C@H](O)COC(C)(C)C)c(Oc3ccccc3F)n(c4ccccc4)n1)C,0
CC(c1c(C[NH+](C2CC2)C[C@@H](O)COC(C)(C)C)c(Oc3cccc(F)c3)n(c4ccccc4)n1)C,0
CC(c1c(C[NH+](C2CC2)C[C@@H](O)COC(C)(C)C)c(Oc3ccccc3F)n(c4ccccc4)n1)C,0
CC(c1c(C[NH+](C2CC2)C[C@H](O)COCC#C)c(Oc3cccc(F)c3)n(c4ccccc4)n1)C,0
CC(c1c(C[NH+](C2CC2)C[C@@H](O)COCC#C)c(Oc3cccc(F)c3)n(c4ccccc4)n1)C,0
CC(c1c(C[NH+](C2CC2)C[C@@H](O)COCC#C)c(Oc3ccccc3F)n(c4ccccc4)n1)C,0
CC(c1c(C[NH+](C2CC2)C[C@H](O)COCC#C)c(Oc3ccccc3F)n(c4ccccc4)n1)C,0
CCCCSc1ncc(C(NC[C@@H]([NH+]2CCCC2)c3ccc(C(C)(C)C)cc3)=O)c(Cl)n1,0
CCCCSc1ncc(C(NC[C@H]([NH+]2CCCC2)c3ccc(C(C)(C)C)cc3)=O)c(Cl)n1,0
CCCCSc1ncc(C(NC[C@H]([NH+]2CCCCC2)c3ccc(CC)cc3)=O)c(Cl)n1,0
CCCCSc1ncc(C(NC[C@@H]([NH+]2CCCCC2)c3ccc(CC)cc3)=O)c(Cl)n1,0
CCCCSc1ncc(C(NC[C@H]([NH+]2CCCCC2)c3ccc(C(C)C)cc3)=O)c(Cl)n1,0
CCCCSc1ncc(C(NC[C@@H]([NH+]2CCCCC2)c3ccc(C(C)C)cc3)=O)c(Cl)n1,0
Cc1ccccc1NS(c2cc(C(NCCNC(C)=O)=O)cc(NCc3ccc(O)c(OC)c3)c2)(=O)=O,0
C[C@H](NC([C@@H](NC([C@@H](CC(NO)=O)CC(C)C)=O)Cc1cccc2c1cccc2)=O)C(N)=O,0
c1ccc(NC(NNC(CCCCCCCC(NNC(Nc2ccccc2)=O)=O)=O)=O)cc1,0
c1cc2c(C(NC2=O)=O)cc1CNC(CC3(CC(NCc4ccc5c(C(NC5=O)=O)c4)=O)CCCCC3)=O,0
C[C@@]12[C@H](Cc3c([C@H]1CC(Nc4nccs4)=O)nc(Nc5cccc(O)c5)s3)[C@@](CO)(C)[C@H](O)CC2,0
CCCCCC(Nc1nc2c(C[C@H]3[C@@](C)(CC[C@@H](O)[C@]3(CO)C)[C@@H]2CC(NCc4cccnc4)=O)s1)=O,0
C[C@@]12[C@H](Cc3c([C@H]1CC(NCc4ccco4)=O)nc(Nc5cccc(O)c5)s3)[C@@](CO)(C)[C@H](O)CC2,0
C[C@@]12[C@H](Cc3c([C@H]1CC(NCc4cccnc4)=O)nc(Nc5cccc(O)c5)s3)[C@@](CO)(C)[C@H](O)CC2,0
C[C@@]12[C@H](Cc3c([C@H]1CC(NCCOC)=O)nc(Nc4cccc(O)c4)s3)[C@@](CO)(C)[C@H](O)CC2,0
c1cc(\C=N/NC(CCCCC(N\N=C/c2ccc(O)cc2O)=O)=O)c(O)cc1O,0
c1cc(\C=N/NC(CCCCC(N\N=C\c2ccc(O)cc2O)=O)=O)c(O)cc1O,0
Cc1cc(C)cc(N2[C@H](SCC(N[C@H](C([O-])=O)Cc3c[nH]c(cccc4)c34)=O)N[NH2+]N2)c1,0
Cc1cc(C)cc(N2[C@@H](SCC(N[C@H](C([O-])=O)Cc3c[nH]c(cccc4)c34)=O)N[NH2+]N2)c1,0
Cc1ccc(N2[C@@H](SCC(N[C@H](C([O-])=O)Cc3c[nH]c(cccc4)c34)=O)N[NH2+]N2)cc1C,0
Cc1ccc(N2[C@H](SCC(N[C@H](C([O-])=O)Cc3c[nH]c(cccc4)c34)=O)N[NH2+]N2)cc1C,0
C[C@@]12[C@H](Cc3c([C@H]1CC(NCc4cccnc4)=O)nc(NC(OCC=C)=O)s3)[C@@](CO)(C)[C@H](O)CC2,0
Cc1ccc(NC(CCC\C(\NNC(C(NN)=O)=O)=C\C(c2ccc(F)cc2)=O)=O)cc1C,0
COc1cc(C(C\C(\CCC(Nc2ccc(Cl)cc2Cl)=O)=N\NC(C(NN)=O)=O)=O)ccc1O,0
c1ccc(N[C@@H]2NN[C@@H](SCC(N[C@H](C([O-])=O)CC3=C4C(=[NH+]C3)C=CC=C4)=O)S2)cc1,0
c1ccc(N[C@H]2NN[C@@H](SCC(N[C@H](C([O-])=O)CC3=C4C(=[NH+]C3)C=CC=C4)=O)S2)cc1,0
c1ccc(N[C@@H]2NN[C@H](SCC(N[C@H](C([O-])=O)CC3=C4C(=[NH+]C3)C=CC=C4)=O)S2)cc1,0
c1ccc(N[C@H]2NN[C@H](SCC(N[C@H](C([O-])=O)CC3=C4C(=[NH+]C3)C=CC=C4)=O)S2)cc1,0
CCCN(C(CNC(c1ccccc1)=O)=O)[C@H](C(NC2CCCCC2)=O)c3c(O)cc(O)cc3O,0
CCCN(C(CNC(c1ccccc1)=O)=O)[C@@H](C(NC2CCCCC2)=O)c3c(O)cc(O)cc3O,0
CC(Nc1ccc(NC(CSC2=NC(CC(NCCc3ccccc3)=O)=CC(=O)N2)=O)cc1)=O,0
CCCCNC([C@H](N(C(CNC(c1ccccc1)=O)=O)CCC)c2c(O)cc(O)cc2O)=O,0
CCCCNC([C@@H](N(C(CNC(c1ccccc1)=O)=O)CCC)c2c(O)cc(O)cc2O)=O,0
CC(Nc1ccc(NC(CSc2ncc(CO)n2CC(NCc3ccc(Cl)cc3)=O)=O)cc1)=O,0
CC(Nc1cccc(NC(CSC2=NC(CC(NCCc3ccccc3)=O)=CC(=O)N2)=O)c1)=O,0
CC(Nc1cccc(NC(CSc2ncc(CO)n2CC(NCc3ccc(Cl)cc3)=O)=O)c1)=O,0
COCCNC([C@H](N(C(c1c(N)c(C(N)=O)ns1)=O)Cc2cccs2)c3c[nH]c4c3cccc4)=O,0
CCCCNC([C@@H](N(C(C)(C)C)C(c1cccc(O)c1O)=O)c2c(O)cc(O)cc2O)=O,0
CCCCNC([C@H](N(C(C)(C)C)C(c1cccc(O)c1O)=O)c2c(O)cc(O)cc2O)=O,0
CCCN(C(CNC(c1ccccc1)=O)=O)[C@@H](C(NC(CC(C)(C)C)(C)C)=O)c2c(O)cc(O)cc2O,0
CCCN(C(CNC(c1ccccc1)=O)=O)[C@H](C(NC(CC(C)(C)C)(C)C)=O)c2c(O)cc(O)cc2O,0
CCCN(C(CNC(c1ccccc1)=O)=O)[C@H](C(NC(C)(C)C)=O)c2c(O)cc(O)cc2O,0
CCCN(C(CNC(c1ccccc1)=O)=O)[C@@H](C(NC(C)(C)C)=O)c2c(O)cc(O)cc2O,0
COCCNC(c1ccccc1NC(C2CCC(C(Nc3ccccc3C(NCCOC)=O)=O)CC2)=O)=O,0
c1cc(NCCCCO)c2c(C(c3c(C2=O)c(O)ccc3O)=O)c1NCCCCO,0
Cc1cc(N2CCN(CC(Nc3cc4c(OCC(N4)=O)cc3[N+]([O-])=O)=O)CC2)nc(C(C)C)[nH+]1,0
CCN1C=C(C(\N=C(/N2)\SC(C)=N2)=O)C(c3c1cc(N4CC[NH+](C)CC4)c(F)c3)=O,0
C[NH+]([C@H](C\N=C\[C@@H]1C(O)=NC(N(c2cccc(F)c2)C1=O)=O)c(c(OC)c(OCO3)c3c4)c4C5)C5,0
C[NH+]([C@@H](C\N=C\[C@H]1C(O)=NC(N(c2cccc(F)c2)C1=O)=O)c(c(OC)c(OCO3)c3c4)c4C5)C5,0
CC(n1c([C@@H]([NH+](CCN(c2ccc(O)cc2)C3)C3)C4=Cc5c(NC4=O)cc(OCO6)c6c5)nnn1)(C)C,0
COc1ccc(CN2[C@@H](O)N=C(O)[C@H]([C@@H]3[C@@H]4C(CCN3)=C5C(=[NH+]4)C=CC(OC)=C5)C2=O)cc1,0
COc1ccc(CN2[C@H](O)N=C(O)[C@@H]([C@@H]3[C@@H]4C(CCN3)=C5C(=[NH+]4)C=CC(OC)=C5)C2=O)cc1,0
COc1ccc(CN2[C@@H](O)N=C(O)[C@@H]([C@@H]3[C@@H]4C(CCN3)=C5C(=[NH+]4)C=CC(OC)=C5)C2=O)cc1,0
COc1ccc2c([C@]3([NH+](CSC4)[C@H]4[C@@H](c5cccc([N+]([O-])=O)c5)[C@H]3C(c6cccnc6)=O)C(N2)=O)c1,0
COc1ccc2c([C@]3([NH+](CSC4)[C@H]4[C@H](c5cccc([N+]([O-])=O)c5)[C@@H]3C(c6cccnc6)=O)C(N2)=O)c1,0
COc1ccc2c([C@]3([NH+](CSC4)[C@H]4[C@H](c5cccc([N+]([O-])=O)c5)[C@H]3C(c6cccnc6)=O)C(N2)=O)c1,0
COc1ccc2c([C@]3([NH+](CSC4)[C@H]4[C@@H](c5cccc([N+]([O-])=O)c5)[C@@H]3C(c6cccnc6)=O)C(N2)=O)c1,0
C[C@@H](N1CCN(CC2=CC(N3C(=[NH+]2)SC=C3)=O)CC1)C(Nc4ccc(N5CCOCC5)cc4)=O,0
C[C@H](N1CCN(CC2=CC(N3C(=[NH+]2)SC=C3)=O)CC1)C(Nc4ccc(N5CCOCC5)cc4)=O,0
C[NH+](Cc(sc1c2C(N[C@H](c3cccc(Oc4ccc([N+]([O-])=O)cc4[N+]([O-])=O)c3)N1)=O)c2C5)C5,0
C[NH+](Cc(sc1c2C(N[C@@H](c3cccc(Oc4ccc([N+]([O-])=O)cc4[N+]([O-])=O)c3)N1)=O)c2C5)C5,0
C[C@H]1C(N=C(NNC([C@H]2CC(N(c3ccc4c(OCO4)c3)C2)=O)=O)[NH+]=N1)=O,0
C[C@@H]1C(N=C(NNC([C@H]2CC(N(c3ccc4c(OCO4)c3)C2)=O)=O)[NH+]=N1)=O,0
C[C@H]1C(N=C(NNC([C@@H]2CC(N(c3ccc4c(OCO4)c3)C2)=O)=O)[NH+]=N1)=O,0
C[C@@H]1C(N=C(NNC([C@@H]2CC(N(c3ccc4c(OCO4)c3)C2)=O)=O)[NH+]=N1)=O,0
CC1(C)Cc2c(CO1)c(N3CCOCC3)[nH+]c4c2c(N)c(C(\N=C(/N5)\SC=C5)=O)s4,0
CC(n1c([C@@H]([NH+](CCN(c2ccccc2OC)C3)C3)C4=Cc5c(NC4=O)cc(OCO6)c6c5)nnn1)(C)C,0
CCC(n1c([C@H]([NH+](CCN(c2ccccc2OC)C3)C3)C4=Cc5c(NC4=O)cc(OCO6)c6c5)nnn1)(C)C,0
COc1cccc2c1OC(C(C3=CC(Oc4c3ccc(O)c4C[NH+]5C[C@H]6C[C@H](C(=C7)N(C6)C(=O)C=C7)C5)=O)=C2)=O,0
CC(n1c([C@@H]([NH+](CCN(c2cccc(OC)c2)C3)C3)C4=Cc5c(NC4=O)cc(OCO6)c6c5)nnn1)(C)C,0
CC(n1c([C@@H]([NH+](CCN(c2ccc(OC)cc2)C3)C3)C4=Cc5c(NC4=O)cc(OCO6)c6c5)nnn1)(C)C,0
COc1cc(Nc2[nH+]cc3c(N(c4ccccn4)[C@H](O)CC3)n2)cc(OC)c1OC,0
COc1cc(Nc2[nH+]cc3c(N(c4ccccn4)[C@@H](O)CC3)n2)cc(OC)c1OC,0
c1cc2c(OCO2)cc1C[NH+](CCN(C3=NC4([C@H](C#N)C(O)=N3)CCCCC4)C5)C5,0
c1cc2c(OCO2)cc1C[NH+](CCN(C3=NC4([C@@H](C#N)C(O)=N3)CCCCC4)C5)C5,0
CCC(n1c([C@H]([NH+](CCN(c2ccc(OC)cc2)C3)C3)C4=Cc5c(NC4=O)cc(OCO6)c6c5)nnn1)(C)C,0
CCC(n1c([C@H]([NH+](CCN(c2cccc(OC)c2)C3)C3)C4=Cc5c(NC4=O)cc(OCO6)c6c5)nnn1)(C)C,0
CC(n1c([C@@H]([NH+](CCN(c2ccccc2F)C3)C3)C4=Cc5c(NC4=O)cc(OCO6)c6c5)nnn1)(C)C,0
CC(n1c([C@@H]([NH+](CCN(c2ccc(F)cc2)C3)C3)C4=Cc5c(NC4=O)cc(OCO6)c6c5)nnn1)(C)C,0
COC([C@]1([NH2+][C@@H](c2ccc(O)cc2)[C@@H](C(N(c3ccc4c(OCO4)c3)C5=O)=O)[C@@H]15)c6ccccc6)=O,0
COC([C@]1([NH2+][C@H](c2ccc(O)cc2)[C@@H](C(N(c3ccc4c(OCO4)c3)C5=O)=O)[C@@H]15)c6ccccc6)=O,0
COC([C@@]1([NH2+][C@@H](c2ccc(O)cc2)[C@@H](C(N(c3ccc4c(OCO4)c3)C5=O)=O)[C@@H]15)c6ccccc6)=O,0
COC([C@@]1([NH2+][C@H](c2ccc(O)cc2)[C@@H](C(N(c3ccc4c(OCO4)c3)C5=O)=O)[C@@H]15)c6ccccc6)=O,0
CCC(n1c([C@H]([NH+](CCN(c2ccc(O)cc2)C3)C3)C4=Cc5c(NC4=O)cc(OCO6)c6c5)nnn1)(C)C,0
CC(NC(c1ccc(C(NNC(c2ccc(C#N)cc2)=O)=O)cc1)=O)(C)C,0
CNC(Nc1cccc(NC(\C=C\c2ccc([N+]([O-])=O)cc2)=O)c1)=O,0
CC(NC(NNC(\C=C\c1ccc([N+]([O-])=O)cc1)=O)=O)C,0
CC(NC(NNC(\C=C\c1cccc([N+]([O-])=O)c1)=O)=O)C,0
c1cc(NC(c2ccc(C(N)=S)cc2)=O)ccc1CS(N)(=O)=O,0
Cc1ccc(C(NNC(NC)=S)=O)cc1[N+]([O-])=O,0
Cc1ccc(\C=C\S(NNC(c2ccccc2O)=O)(=O)=O)cc1,0
C\C(\c1cccc(O)c1)=N\NC(c2ccc(NC(C)=O)cc2)=O,0
CNC(Nc1cccc(NC(c2cccc([N+]([O-])=O)c2)=O)c1)=O,0
CCNS(c1ccc(C(NCc2ccc(O)cc2)=O)cc1)(=O)=O,0
Cc1ccc(NC(c2cccc(S(NC3CC3)(=O)=O)c2)=O)c(O)c1,0
Cc1ccc(O)c(NC(c2ccc(S(NC3CC3)(=O)=O)cc2)=O)c1,0
c1cc(F)ccc1NNC(c2ccc(S(NC3CC3)(=O)=O)o2)=O,0
C\C(\c1cccc(O)c1)=N\NC(c2ccc(NC(C3CC3)=O)cc2)=O,0
Cc1ccc([N+]([O-])=O)cc1NC(Nc2ccc(NC(C)=O)cc2)=O,0
Cc1ccc(NC(Nc2ccc(NC(C)=O)cc2)=O)cc1[N+]([O-])=O,0
CC(NC(NNC(\C=C\c1ccccc1[N+]([O-])=O)=O)=O)C,0
CC(Nc1ccc(\C=N\NC([C@@H](O)c2ccccc2)=O)cc1)=O,0
CC(Nc1ccc(\C=N\NC([C@H](O)c2ccccc2)=O)cc1)=O,0
Cc1ccc(O)c(NC(c2cc(S(NC)(=O)=O)ccc2C)=O)c1,0
Cc1ccc(NC(c2ccc(S(NC)(=O)=O)cc2)=O)c(O)c1,0
Cc1ccc(O)c(NC(c2ccc(S(NC)(=O)=O)cc2)=O)c1,0
Cc1ccc(O)c(NC(c2cccc(S(NC)(=O)=O)c2)=O)c1,0
Cc1ccc(C(\C=C\NNC(c2ccccc2O)=O)=O)cc1,0
CS(Nc1ccc(NC(c2cc(Cl)ccc2O)=O)cc1)(=O)=O,0
C\C(\c1ccc(NC(C2CC2)=O)cc1)=N\NC([C@H](O)c3ccccc3)=O,0
C\C(\c1ccc(NC(C2CC2)=O)cc1)=N\NC([C@@H](O)c3ccccc3)=O,0
Cc1cc(F)ccc1S(NNC(c2ccccc2O)=O)(=O)=O,0
Cc1ccc(S(NC)(=O)=O)cc1C(NCc2ccc(O)cc2)=O,0
CC(Nc1ccc(S(Nc2cc(Cl)ccc2O)(=O)=O)cc1)=O,0
C[C@H](NC(Nc1ccccn1)=O)c2cccc(NS(C)(=O)=O)c2,0
C[C@@H](NC(Nc1ccccn1)=O)c2cccc(NS(C)(=O)=O)c2,0
CC(NC(Nc1ccccc1C(Nc2cccc([N+]([O-])=O)c2)=O)=O)C,0
C[C@H](NS(C)(=O)=O)C(Nc1ccc(Nc2ccccc2)cc1)=O,0
Cc1c([N+]([O-])=O)cc(C(NNC(NC2CC2)=S)=O)s1,0
c1ccc(NC(C(N\N=C\c2cccc(O)c2)=O)=O)cc1,0
Cc1ccc(C(NNS(c2cccs2)(=O)=O)=O)c(O)c1,0
CCc1ccc(S(NNC(c2ccccc2O)=O)(=O)=O)s1,0
c1cc(S(N)(=O)=O)ccc1CNC(c2ccc(O)c(Cl)c2)=O,0
CCCN(C(c1cccc(NCC(Nc2ccc(NC(CCc3ccccc3)=O)cc2)=O)c1)=O)CCC,0
CCCC(Nc1ccc(Cl)c(NC(CNc2cccc(OCCCc3ccccc3)c2)=O)c1)=O,0
CCCCNC(c1ccc(NC(CNc2cccc(OCCCc3ccccc3)c2)=O)cc1)=O,0
CCCCNC(c1cccc(NC(CNc2cccc(OCCCc3ccccc3)c2)=O)c1)=O,0
c1ccc(CCCOc2cccc(NCC(Nc3cccc(NC(CCc4ccccc4)=O)c3)=O)c2)cc1,0
c1ccc(CCCOc2cccc(NCC(Nc3ccc(NC(CCc4ccccc4)=O)cc3)=O)c2)cc1,0
C[C@H](NC(c1cccc(NC(CNc2cccc(OCCCc3ccccc3)c2)=O)c1)=O)c4ccccc4,0
C[C@@H](NC(c1cccc(NC(CNc2cccc(OCCCc3ccccc3)c2)=O)c1)=O)c4ccccc4,0
c1ccc(CCCOc2cccc(NCC(Nc3cccc(C(NCc4ccccc4)=O)c3)=O)c2)cc1,0
c1ccc(CCCOc2cccc(NCC(Nc3ccc(C(NCc4ccccc4)=O)cc3)=O)c2)cc1,0
C[C@H](NC(c1ccc(NC(CNc2cccc(OCCCc3ccccc3)c2)=O)cc1)=O)c4ccccc4,0
C[C@@H](NC(c1ccc(NC(CNc2cccc(OCCCc3ccccc3)c2)=O)cc1)=O)c4ccccc4,0
CCCCCC(Nc1cccc(NCC(Nc2cccc(OCCc3ccccc3)c2)=O)c1)=O,0
CCCCCC(Nc1cccc(NCC(Nc2ccc(OCCc3ccccc3)cc2)=O)c1)=O,0
CCCCCC(NNC(NC(c1ccc(OCCc2ccccc2)c(Br)c1)=O)=S)=O,0
CCCC[C@@H](C(N([C@@H](C(NC1CCCCC1)=O)c2ccc(O)c(OC)c2)Cc3ccc(C)o3)=O)CC,0
CCCC[C@H](C(N([C@@H](C(NC1CCCCC1)=O)c2ccc(O)c(OC)c2)Cc3ccc(C)o3)=O)CC,0
CCCC[C@@H](C(N([C@H](C(NC1CCCCC1)=O)c2ccc(O)c(OC)c2)Cc3ccc(C)o3)=O)CC,0
CCCC[C@H](C(N([C@H](C(NC1CCCCC1)=O)c2ccc(O)c(OC)c2)Cc3ccc(C)o3)=O)CC,0
CCCCCCOc1cccc(NC(CNc2ccc(C(NCc3ccco3)=O)cc2)=O)c1,0
CCCCCCOc1ccc(NC(CNc2ccc(C(NCc3ccco3)=O)cc2)=O)cc1,0
c1ccc(CCCOc2ccccc2NC(CNc3ccc(OC[C@@H]4CCCO4)cc3)=O)cc1,0
c1ccc(CCCOc2ccccc2NC(CNc3ccc(OC[C@H]4CCCO4)cc3)=O)cc1,0
c1ccc(CCCOc2cccc(NCC(Nc3ccccc3OC[C@@H]4CCCO4)=O)c2)cc1,0
c1ccc(CCCOc2cccc(NCC(Nc3ccccc3OC[C@H]4CCCO4)=O)c2)cc1,0
CCCC[C@@H](NC(OCc1ccccc1)=O)C(N[C@H](C(OC)=O)Cc2c[nH]c3c2cccc3)=O,0
CCCC[C@H](NC(OCc1ccccc1)=O)C(N[C@H](C(OC)=O)Cc2c[nH]c3c2cccc3)=O,0
CCCC[C@@H](NC(OCc1ccccc1)=O)C(N[C@@H](C(OC)=O)Cc2c[nH]c3c2cccc3)=O,0
CCCC[C@H](NC(OCc1ccccc1)=O)C(N[C@@H](C(OC)=O)Cc2c[nH]c3c2cccc3)=O,0
CCCCNC(CSc1nc2c(s1)cc(NC(c3ccc(OCCCC)cc3)=O)cc2)=O,0
CCCCCCOc1ccc(C(Nc2ccc(C(NC[C@H]3CCCO3)=O)cc2)=O)cc1Br,0
CCCCCCOc1ccc(C(Nc2ccc(C(NC[C@@H]3CCCO3)=O)cc2)=O)cc1Br,0
CCCCCCN(C(Cc1ccccc1C)=O)[C@H](C(NCCCC)=O)c2c(O)cc(O)cc2O,0
CCCCCCN(C(Cc1ccccc1C)=O)[C@@H](C(NCCCC)=O)c2c(O)cc(O)cc2O,0
CCCCOc1ccccc1C(N[C@H]2CCCC[C@@H]2NC(c3ccccc3OCCCC)=O)=O,0
CCCCOc1ccccc1C(N[C@@H]2CCCC[C@H]2NC(c3ccccc3OCCCC)=O)=O,0
CCCCOc1cccc(C(N[C@@H]2CCCC[C@@H]2NC(c3cccc(OCCCC)c3)=O)=O)c1,0
CCCCOc1cccc(C(N[C@H]2CCCC[C@@H]2NC(c3cccc(OCCCC)c3)=O)=O)c1,0
CCCCOc1cccc(C(N[C@@H]2CCCC[C@H]2NC(c3cccc(OCCCC)c3)=O)=O)c1,0
Cc1cc(C)cc(OCC(NNC(c2ccc3c(c2)[nH]cc3)=O)=O)c1,0
c1ccc2c(ccc3c2[nH]cc3\C=N\NC(c4cccc(O)c4)=O)c1,0
c1cc(C(Nc2ccc(C(NNc3ccc(F)cc3)=O)cc2)=O)oc1,0
Cc1ccc(OCC(NNC(c2ccc3c(c2)[nH]cc3)=O)=O)cc1C,0
c1ccc2c(cc(C(NNC(c3ccccc3O)=O)=O)s2)c1,0
c1ccc(O)c(C(NNC(CCc2ccc(Cl)cc2)=O)=O)c1,0
CC(NC(c1cccc(NC(c2c3c([nH]n2)cccc3)=O)c1)=O)(C)C,0
Cc1ccc(C(NNC(Cc2cccc(Cl)c2)=O)=O)c(O)c1,0
Cc1ccc(NC(c2cccc3c2cn[nH]3)=O)cc1C(NC(C)C)=O,0
Cc1cccc(C(NNC(C23CC4CC(CC(C2)C4)C3)=O)=O)c1O,0
c1cc2c(COC2)cc1C(NNC(NC3CCCCC3)=S)=O,0
c1ccc2c(C=C(C(NNC(NC3CCCC3)=S)=O)CO2)c1,0
C[C@H](NC(c1c[nH]nc1c2ccccc2)=O)c3cccc(O)c3,0
C[C@@H](NC(c1c[nH]nc1c2ccccc2)=O)c3cccc(O)c3,0
c1ccc2c(C[C@@H](C(NNC(NC3CCCC3)=S)=O)S2)c1,0
c1ccc2c(C[C@H](C(NNC(NC3CCCC3)=S)=O)S2)c1,0
Cc1ccc(C)c(NC(NNC([C@H]2CCCO2)=O)=S)c1,0
Cc1ccc(C)c(NC(NNC([C@@H]2CCCO2)=O)=S)c1,0
c1ccc(C(NNC(c2ccccc2c3[nH]c4c(n3)cccc4)=O)=O)cc1,0
Cc1ccc(C(NNC([C@@H](Cc2cccc(F)c2)C)=O)=O)c(O)c1,0
Cc1ccc(C(NNC([C@H](Cc2cccc(F)c2)C)=O)=O)c(O)c1,0
c1ccc2c(ccc(O)c2\C=N/NC(c3cccc4c3[nH]cc4)=O)c1,0
c1cc(C(NNC(c2ccc(Cl)cc2Cl)=O)=O)cc(O)c1,0
Cc1cccc(NNC(c2cc3c(cc2O)cccc3)=O)c1,0
c1ccc2c(cc(C(N\N=C\c3ccc(O)cc3)=O)[nH]2)c1,0
c1ccc2c(C[C@H](C(NNC(NC3CCCC3)=S)=O)CO2)c1,0
c1ccc2c(C[C@@H](C(NNC(NC3CCCC3)=S)=O)CO2)c1,0
Cc1ccc(NC(c2cc(cc3c2[nH]nc3)C)=O)cc1C(NC(C)C)=O,0
c1ccc2c(c1)cc(C(NNC(CCC3CCCC3)=O)=O)c(O)c2,0
Cc1c(C)[nH]c2c1cc(CNC(Nc3cc([N+]([O-])=O)ccc3F)=O)cc2,0
c1cc(Cl)ccc1C(NNC(c2c[nH]nc2C3CCCCC3)=O)=O,0
C[C@H](NC(c1c[nH]nc1c2ccc(Cl)cc2)=O)c3cccc(O)c3,0
C[C@@H](NC(c1c[nH]nc1c2ccc(Cl)cc2)=O)c3cccc(O)c3,0
c1c2c(CCCC2)[nH]c1\C=N\NC(c3c4c(CCC4)[nH]n3)=O,0
CCc1ccc(C(NNC(Nc2cccc3c2nccc3)=O)=O)cc1,0
c1ccc(NC(NNC(c2ccc3c(COC3)c2)=O)=S)cc1,0
c1cc(Cl)ccc1SCC(NNC(NC2CCCCC2)=O)=O,0
Cc1cc(Cl)ccc1O[C@@H](C(NNC(NC2CCCC2)=O)=O)C,0
c1cc(c2ccn[nH]2)cc(NC(c3ccc(O)c(Cl)c3)=O)c1,0
c1ccc(C(O)(C(N\N=C\c2cc(\N=N\c3cccc(C(F)(F)F)c3)ccc2O)=O)c4ccccc4)cc1,0
COc1ccc(c2nc3c(o2)ccc(NC(NC(c4ccc(c5ccccc5[N+]([O-])=O)o4)=O)=S)c3)cc1,0
Cc1ccc2c(oc(c3cccc(NC(NC(c4ccc(c5ccccc5[N+]([O-])=O)o4)=O)=S)c3)n2)c1,0
c1ccc([N+]([O-])=O)c(c2ccc(\C=C\C(NC(Nc3ccc(c4nc5c(cccn5)o4)cc3)=S)=O)o2)c1,0
COc1ccc(C(Nc2ccccc2Nc3cc(c4ccc([N+]([O-])=O)cc4)nn3c5ccccc5)=O)cc1,0
Cc1cc(C)c(O)c(c2c3c(C(N(CCc4ccc(OC)cc4)[C@H]3c5ccc(OC)c(OC)c5)=O)n[nH]2)c1,0
Cc1cc(C)c(O)c(c2c3c(C(N(CCc4ccc(OC)cc4)[C@@H]3c5ccc(OC)c(OC)c5)=O)n[nH]2)c1,0
Cc1cc(C)c(O)c(c2c3c(C(N(CCc4ccc(OC)c(OC)c4)[C@@H]3c5cccc(OC)c5)=O)n[nH]2)c1,0
Cc1cc(C)c(O)c(c2c3c(C(N(CCc4ccc(OC)c(OC)c4)[C@H]3c5cccc(OC)c5)=O)n[nH]2)c1,0
Cc1ccc([C@@H]2c3c(C(N2CCc4ccc(OC)c(OC)c4)=O)n[nH]c3c5cc(Cl)c(C)cc5O)cc1,0
Cc1ccc([C@H]2c3c(C(N2CCc4ccc(OC)c(OC)c4)=O)n[nH]c3c5cc(Cl)c(C)cc5O)cc1,0
Cc1cc(O)c(c2c3c(C(N(CCc4ccc(OC)cc4)[C@H]3c5ccc(O)c(OC)c5)=O)n[nH]2)cc1Cl,0
Cc1cc(O)c(c2c3c(C(N(CCc4ccc(OC)cc4)[C@@H]3c5ccc(O)c(OC)c5)=O)n[nH]2)cc1Cl,0
CCOc1cccc([C@H]2c3c(C(N2CCc4ccc(OC)cc4)=O)n[nH]c3c5cc(Cl)c(C)cc5O)c1,0
CCOc1cccc([C@@H]2c3c(C(N2CCc4ccc(OC)cc4)=O)n[nH]c3c5cc(Cl)c(C)cc5O)c1,0
C=C(NNC(CSC1=Nc2c(C(N1c3ccccc3)=O)c4c(CCCC4)s2)=O)c5ccc(c6ccccc6)cc5,0
c1ccc2c(ccc(O)c2\C=N\NC(c3cc(c4cccc(OCc5ccc(Cl)cc5)c4)[nH]n3)=O)c1,0
c1ccc2c(nc(c3ccc(NC(NC(c4ccc(c5cccc([N+]([O-])=O)c5)o4)=O)=S)cc3)s2)c1,0
Cc1ccc(c2nc3c(o2)c(C)cc(C)c3)cc1NC(NC(c4ccc(OC)c([N+]([O-])=O)c4)=O)=S,0
CCc1ccc(c2n[nH]c(nc(c3ccc(OC)c(OC)c3)cc4C(NCc5ccc(F)cc5)=O)c24)cc1,0
Cc1ccc(CNC(c2c(c(c3ccc(F)cc3)n[nH]4)c4nc(c5cc(OC)c(OC)cc5OC)c2)=O)cc1,0
C\C(\c1ccc2c(c1)cccc2)=N/Nc3nc(SCC(N(C4CCCCC4)C5CCCCC5)=O)n[nH]3,0
Cc1ccc(c2cc(c3c(n2)[nH]nc3c4ccc(OC)cc4)C(NCCc5ccc(OC)c(OC)c5)=O)cc1,0
c1cc(c2ccc(C(NC(Nc3cc(C(F)(F)F)ccc3N4CCCC4)=S)=O)o2)cc([N+]([O-])=O)c1,0
CCc1ccc(c2n[nH]c(nc(c3ccc(OC)c(OC)c3)cc4C(NCc5ccc(C)cc5)=O)c24)cc1,0
CCc1ccc(c2n[nH]c(nc(c3ccc(OC)c(OC)c3)cc4C(NCc5ccc(OC)cc5)=O)c24)cc1,0
CC([C@@H]1CCc2c(C1)sc(NC(NC(c3ccc(N4CCCC4)c([N+]([O-])=O)c3)=O)=S)c2C#N)(C)C,0
CC([C@H]1CCc2c(C1)sc(NC(NC(c3ccc(N4CCCC4)c([N+]([O-])=O)c3)=O)=S)c2C#N)(C)C,0
CCOc1ccc(c2c3c(OC(N)=C(C#N)[C@@H]3c4cc(C(C)(C)C)c(O)c(C(C)(C)C)c4)n[nH]2)cc1,0
CCOc1ccc(c2c3c(OC(N)=C(C#N)[C@H]3c4cc(C(C)(C)C)c(O)c(C(C)(C)C)c4)n[nH]2)cc1,0
CC(c1ccc(OCC(N\N=C\c2cc(\N=N\c3cccc4c3cccc4)ccc2O)=O)cc1)C,0
Cc1ccc(c2nc3c(o2)ccc(Cl)c3)cc1NC(NC(c4ccc(OC)c([N+]([O-])=O)c4)=O)=S,0
Cc1ccc(NC(NC(c2ccc(c3ccccc3[N+]([O-])=O)o2)=O)=S)cc1NC(c4ccccc4)=O,0
CCOc1ccc(c2cc(c3c(n2)[nH]nc3c4ccc(Cl)cc4)C(NCc5ccc(OC)cc5)=O)cc1,0
C=C(NNC(CSc1nnc(c2ccc(Cl)cc2)n1c3ccccc3)=O)c4ccc(Cl)cc4Cl,0
C=C(NNC(CSc1nnc(c2ccccc2)n1c3ccc(Cl)cc3)=O)c4ccc(c5ccccc5)cc4,0
c1ccc(CCOc2ccc(C(NC(Nc3ccc([N+]([O-])=O)cc3O)=S)=O)cc2Br)cc1,0
CC(c1ccc(c2nnc(SCC(Nc3ccc4c(c3)[nH]nc4)=O)n2c5ccc(Cl)cc5)cc1)(C)C,0
Cc1ccc(NC(N(CC2=Cc3c(NC2=O)cc(OCO4)c4c3)Cc5ccc6c(OCO6)c5)=S)c(C)c1,0
c1ccc(C[C@@H](N2[C@H](O)Nc3c(C2=O)cccc3)C(N[C@H](C([O-])=O)Cc4c[nH]c(cccc5)c45)=O)cc1,0
CC(C[C@H](NC([C@H](N1[C@H](O)Nc2c(C1=O)cccc2)Cc3c[nH]c(cccc4)c34)=O)C([O-])=O)C,0
CC(C[C@H](NC([C@H](N1[C@@H](O)Nc2c(C1=O)cccc2)Cc3c[nH]c(cccc4)c34)=O)C([O-])=O)C,0
CC(C[C@@H](NC([C@H](N1[C@H](O)Nc2c(C1=O)cccc2)Cc3c[nH]c(cccc4)c34)=O)C([O-])=O)C,0
C[C@@H](O)[C@@H](NC([C@@H](NC([C@@H]1Cc2c([C@@H]3N1C(c4c3cccc4)=O)[nH]c(cccc5)c25)=O)CC(C)C)=O)C([O-])=O,0
CC(C[C@@H](NC([C@H](N1[C@@H](O)Nc2c(C1=O)cccc2)Cc3c[nH]c(cccc4)c34)=O)C([O-])=O)C,0
CC([C@H](NC([C@H](N1[C@H](O)Nc2c(C1=O)cccc2)Cc3c[nH]c(cccc4)c34)=O)C([O-])=O)C,0
CC([C@H](NC([C@H](N1[C@@H](O)Nc2c(C1=O)cccc2)Cc3c[nH]c(cccc4)c34)=O)C([O-])=O)C,0
C[C@H](O)[C@@H](NC([C@@H](NC([C@@H]1Cc2c([C@@H]3N1C(c4c3cccc4)=O)[nH]c(cccc5)c25)=O)CC(C)C)=O)C([O-])=O,0
C[C@@H](O)[C@@H](NC([C@@H](NC([C@@H]1Cc2c([C@H]3N1C(c4c3cccc4)=O)[nH]c(cccc5)c25)=O)CC(C)C)=O)C([O-])=O,0
c1ccc(C[C@@H](N2[C@@H](O)Nc3c(C2=O)cccc3)C(N[C@H](C([O-])=O)Cc4c[nH]c(cccc5)c45)=O)cc1,0
CC([C@@H](NC([C@H](N1[C@@H](O)Nc2c(C1=O)cccc2)Cc3c[nH]c(cccc4)c34)=O)C([O-])=O)C,0
CC([C@@H](NC([C@H](N1[C@H](O)Nc2c(C1=O)cccc2)Cc3c[nH]c(cccc4)c34)=O)C([O-])=O)C,0
c1ccc([C@@H](NC([C@H](N2[C@@H](O)Nc3c(C2=O)cccc3)Cc4c[nH]c(cccc5)c45)=O)C([O-])=O)cc1,0
CC(C[C@H](NC([C@@H](N1[C@@H](O)Nc2c(C1=O)cccc2)Cc3c[nH]c(cccc4)c34)=O)C([O-])=O)C,0
c1cc(c(C[C@H](NC(CS[C@@H]2NN[C@H](c3cccc(Cl)c3)O2)=O)C([O-])=O)c[nH]4)c4cc1,0
CC(C[C@H](NC([C@@H](N1[C@H](O)Nc2c(C1=O)cccc2)Cc3c[nH]c(cccc4)c34)=O)C([O-])=O)C,0
C[C@H](O)[C@@H](NC([C@@H](NC([C@@H]1Cc2c([C@H]3N1C(c4c3cccc4)=O)[nH]c(cccc5)c25)=O)CC(C)C)=O)C([O-])=O,0
c1cc(c(C[C@@H](NC(CS[C@@H]2NN[C@H](c3cccc(Cl)c3)O2)=O)C([O-])=O)c[nH]4)c4cc1,0
c1ccc([C@@H](NC([C@H](N2[C@H](O)Nc3c(C2=O)cccc3)Cc4c[nH]c(cccc5)c45)=O)C([O-])=O)cc1,0
c1cc(c(C[C@H](NC(CS[C@H]2NN[C@H](c3cccc(Cl)c3)O2)=O)C([O-])=O)c[nH]4)c4cc1,0
c1cc(c(C[C@@H](NC(CS[C@H]2NN[C@H](c3cccc(Cl)c3)O2)=O)C([O-])=O)c[nH]4)c4cc1,0
CC1=C(CC(N[C@H](C([O-])=O)CCCNC(N)=O)=O)C(=O)Oc(cc(OC2(CC3)CCCCC2)c3c4)c14,0
CC1=C(CC(N[C@H](C([O-])=O)Cc2c[nH]c3c2cc(O)cc3)=O)C(=O)Oc(cc(OC)cc4)c14,0
CC1=C(CC(N[C@H](C([O-])=O)Cc2c[nH]c3c2cc(O)cc3)=O)C(=O)Oc(cc(O)cc4)c14,0
CC1=C(CC(N[C@@H](C([O-])=O)Cc2c[nH]c3c2cc(O)cc3)=O)C(=O)Oc(cc(O)cc4)c14,0
CC1=C(CC(N[C@H](C([O-])=O)CCCNC(N)=O)=O)C(=O)Oc(c(C)c(occ2c3ccc(Cl)cc3)c2c4)c14,0
CC1=CC(Oc2c1ccc(OCC(N[C@H](C([O-])=O)Cc3c[nH]c4c3cc(O)cc4)=O)c2C)=O,0
CC1=CC(Oc2c1ccc(OCC(N[C@@H](C([O-])=O)Cc3c[nH]c4c3cc(O)cc4)=O)c2C)=O,0
C[C@H](NC([C@H](NC(N1c2c(N=C(O)[C@H]1C(C)C)cccc2)=O)Cc3ccccc3)=O)C([O-])=O,0
C[C@H](NC([C@H](NC(N1c2c(N=C(O)[C@@H]1C(C)C)cccc2)=O)Cc3ccccc3)=O)C([O-])=O,0
C[C@H](NC([C@@H](NC(N1c2c(N=C(O)[C@H]1C(C)C)cccc2)=O)Cc3ccccc3)=O)C([O-])=O,0
CC(C[C@@H](NC(N1c2c(N=C(O)[C@@H]1C(C)C)cccc2)=O)C(N[C@@H](C([O-])=O)CC(C)C)=O)C,0
Cc1cc2c(c(OCC(N[C@@H](C([O-])=O)Cc3c[nH]c4c3cc(O)cc4)=O)c1)C(C)=C(C)C(O2)=O,0
CC1=CC(Oc2c1ccc(O[C@H](C(N[C@H](C([O-])=O)Cc3c[nH]c4c3cc(O)cc4)=O)C)c2C)=O,0
CC(C[C@H](NC([C@@H]1Cc2c([C@H]3N1C(c4c3cccc4)=O)[nH]c(cccc5)c25)=O)C(N[C@@H](C([O-])=O)C(C)C)=O)C,0
CC(C[C@H](NC([C@@H]1Cc2c([C@@H]3N1C(c4c3cccc4)=O)[nH]c(cccc5)c25)=O)C(N[C@H](C([O-])=O)C(C)C)=O)C,0
CC(C[C@H](NC([C@@H]1Cc2c([C@H]3N1C(c4c3cccc4)=O)[nH]c(cccc5)c25)=O)C(N[C@H](C([O-])=O)C(C)C)=O)C,0
CC(C[C@@H](NC([C@@H](NC([C@@H]1Cc2c([C@H]3N1C(c4c3cccc4)=O)[nH]c(cccc5)c25)=O)C(C)C)=O)C([O-])=O)C,0
CCNC([C@@H](OC(c1ccc(c2cccc(C(F)(F)F)c2)o1)=O)C)=O,0
CCNC([C@H](OC(c1ccc(c2cccc(C(F)(F)F)c2)o1)=O)C)=O,0
c1ccc(F)c([C@@H](OC(c2cccs2)=O)C(NCc3ccco3)=O)c1,0
COC(c1ccc(C(Nc2ccc(F)c(C(F)(F)F)c2)=O)s1)=O,0
Cc1csc([C@H](NC(c2ccc(OC(F)(F)F)cc2)=O)C)n1,0
Cc1csc([C@@H](NC(c2ccc(OC(F)(F)F)cc2)=O)C)n1,0
Cc1csc([C@@H](NC(c2ccc(OCC(F)(F)F)cc2)=O)C)n1,0
Cc1csc([C@H](NC(c2ccc(OCC(F)(F)F)cc2)=O)C)n1,0
CCOC(c1ccc(CNC(c2cc(Cl)sc2Cl)=O)cc1)=O,0
Cc1c(C)sc(NC(c2ccc(F)cc2)=O)c1C(OC(C)C)=O,0
CC(NCc1ccc(C(Oc2cccc(Cl)c2Cl)=O)s1)=O,0
COC(C[C@H](NC(c1ccccc1C(F)(F)F)=O)c2cccs2)=O,0
COC(C[C@@H](NC(c1ccccc1C(F)(F)F)=O)c2cccs2)=O,0
Cc1ccc(NC(\C(\C#N)=C\c2ccc(CSC(F)F)o2)=O)cc1,0
C[C@@H](NC(c1ccc(OC)c(OC(F)F)c1)=O)Cc2cccs2,0
CNC(c1ccc(\C=C\C(OCc2cc(Br)sc2)=O)cc1)=O,0
COC(c1ccc(CCNC(c2ccc(Br)s2)=O)cc1)=O,0
CCOC(c1c(C)c(C)sc1NC(c2ccc(F)cc2)=O)=O,0
C[C@@H](OC(c1cc(Cl)sc1Cl)=O)c2cccc(NC(C)=O)c2,0
C[C@H](OC(c1cc(Cl)sc1Cl)=O)c2cccc(NC(C)=O)c2,0
CCc1cc(C(OCC)=O)c(NC(c2cc(F)ccc2C)=O)s1,0
COc1ccc(CNC(c2ccc(F)c(C(F)(F)F)c2)=O)cc1OC,0
CCOC(c1c(C)cc(NC(\C=C\c2ccc(Br)o2)=O)s1)=O,0
CCc1c(C)sc(NC(\C=C\c2ccc(F)cc2)=O)c1C(OC)=O,0
C[C@H](C(Nc1c(C(OC)=O)ccs1)=O)Cc2cccc(F)c2,0
Cc1c(NC(c2c(C3CC3)ccs2)=O)cc(C(OC)=O)cc1F,0
CC(C(Nc1c(C(OC)=O)c(c2ccc(F)cc2)cs1)=O)C,0
c1ccc(F)c(c2ccc(C(NCc3ccc(OCC#N)cc3)=O)s2)c1,0
COC(C[C@@H](NC(c1cc(Cl)sc1Cl)=O)c2ccc(F)cc2)=O,0
CCOC(c1c(C)csc1NC(c2ccccc2Cl)=O)=O,0
c1cc(CC(Oc2ccc(NC(c3cccs3)=O)cc2)=O)cc(F)c1,0
c1cc(CC(N)=O)cc(OC(c2ccc(c3ccc(F)cc3)s2)=O)c1,0
Cc1ccc(C(OCC(Nc2ccc(Cl)cc2C(F)(F)F)=O)=O)s1,0
CCOC(c1c(c2ccccc2Cl)csc1NC(c3ccco3)=O)=O,0
Cc1ccc([C@@H](NC(c2cccc(OC)c2OC(F)F)=O)C)s1,0
Cc1ccc([C@H](NC(c2cccc(OC)c2OC(F)F)=O)C)s1,0
Cc1ccc([C@@H](OC(c2ccco2)=O)C(NCc3cccs3)=O)cc1,0
CCOC(c1ccccc1NC(c2cc(Cl)sc2Cl)=O)=O,0
Cc1c(c2ccc(F)cc2)c(C(OC(C)C)=O)c(NC(C3CC3)=O)s1,0
CCCCC[C@@H](N(C(C)(C)C)C(c1ccc(F)cc1)=O)C(NC2CCCCC2)=O,0
CCCCC[C@H](N(C(C)(C)C)C(c1ccc(F)cc1)=O)C(NC2CCCCC2)=O,0
CCCCC[C@@H](N(C(CC)=O)c1ccccc1Cl)C(NC2CCCCC2)=O,0
CCCCC[C@H](N(C(CC)=O)c1ccccc1Cl)C(NC2CCCCC2)=O,0
CCCCCCN([C@@H](C(NC1CCCCC1)=O)c2ccc(Cl)cc2)C=O,0
CCCCCCN([C@H](C(NC1CCCCC1)=O)c2ccc(Cl)cc2)C=O,0
CCCCCC(Nc1ccc(OCCCc2ccccc2)cc1)=O,0
CCCCCC(N([C@@H](C(NCCCC)=O)\C=C\C)c1cccc(Cl)c1)=O,0
CCCCCC(N([C@@H](C(NCCCC)=O)\C=C/C)c1cccc(Cl)c1)=O,0
CCCCCC(N([C@H](C(NCCCC)=O)\C=C\C)c1cccc(Cl)c1)=O,0
CCCCCC(N([C@H](C(NCCCC)=O)\C=C/C)c1cccc(Cl)c1)=O,0
c1ccc(C(c2ccccc2)CCNC(CCCOc3ccccc3)=O)cc1,0
CCCCC(N([C@H](C(NCCCC)=O)c1ccc(Cl)cc1)C2CCCCC2)=O,0
CCCCC(N([C@@H](C(NCCCC)=O)c1ccc(Cl)cc1)C2CCCCC2)=O,0
c1cc(CCCC(NCCc2ccc(OC(F)(F)F)cc2)=O)sc1,0
CCCCNC([C@@H](N(C(CC)=O)c1ccccc1Cl)C(CC)CC)=O,0
CCCCNC([C@H](N(C(CC)=O)c1ccccc1Cl)C(CC)CC)=O,0
CCCCC[C@@H](N(C(CCCC)=O)c1ccccc1Cl)C(NC(C)(C)C)=O,0
CCCCC[C@H](N(C(CCCC)=O)c1ccccc1Cl)C(NC(C)(C)C)=O,0
CCCCC(N([C@H](C(NC1CCCCC1)=O)\C=C\CCC)C2CCCCC2)=O,0
CCCCC(N([C@@H](C(NC1CCCCC1)=O)\C=C\CCC)C2CCCCC2)=O,0
CCCCNC([C@@H](N(C(c1cccc(Cl)c1)=O)CCC)c2ccccc2)=O,0
CCCCNC([C@H](N(C(c1cccc(Cl)c1)=O)CCC)c2ccccc2)=O,0
CCCCNC([C@H](N(C(c1ccc(Cl)cc1)=O)CCC)c2ccccc2)=O,0
CCCCNC([C@H](N(C(c1ccc(Cl)cc1)=O)CCC)c2ccc(C)cc2)=O,0
CCCCNC([C@@H](N(C(c1ccc(Cl)cc1)=O)CCC)c2ccccc2)=O,0
CCCCNC([C@@H](N(C(c1ccc(Cl)cc1)=O)CCC)c2ccc(C)cc2)=O,0
CCCCC[C@H](N(C(CC)=O)c1ccccc1Cl)C(NC(C)(C)C)=O,0
CCCCC[C@@H](N(C(CC)=O)c1ccccc1Cl)C(NC(C)(C)C)=O,0
CCCCCCN(C(c1ccc(F)cc1)=O)[C@@H](C(NC2CCCCC2)=O)\C=C/C,0
CCCCCCN(C(c1ccc(F)cc1)=O)[C@@H](C(NC2CCCCC2)=O)\C=C\C,0
CCCCCCN(C(c1ccc(F)cc1)=O)[C@H](C(NC2CCCCC2)=O)\C=C\C,0
CCCCCCN(C(c1ccc(F)cc1)=O)[C@H](C(NC2CCCCC2)=O)\C=C/C,0
CCCCNC([C@@H](N(C(c1cccc(Cl)c1)=O)CCC)[C@H](c2ccccc2)C)=O,0
CCCCNC([C@H](N(C(c1ccc(Cl)cc1)=O)CCC)[C@@H](c2ccccc2)C)=O,0
CCCCNC([C@@H](N(C(c1ccc(Cl)cc1)=O)CCC)[C@H](c2ccccc2)C)=O,0
CCCCNC([C@H](N(C(c1cccc(Cl)c1)=O)CCC)[C@H](c2ccccc2)C)=O,0
CCCCNC([C@@H](N(C(c1cccc(Cl)c1)=O)CCC)[C@@H](c2ccccc2)C)=O,0
CCCCNC([C@@H](N(C(c1ccc(Cl)cc1)=O)CCC)[C@@H](c2ccccc2)C)=O,0
CC(C(Nc1cccc(C(NCCNc2c(C#N)cccn2)=O)c1)=O)(C)C,0
CCOC(Nc1cccc(NC(c2ccc(NC3CC3)nc2)=O)c1C)=O,0
COCCOC(Nc1cccc(NC(NCc2cccc3c2nccc3)=O)c1)=O,0
CCOc1c(NC(C(NCc2cccc(NC(C3CCC3)=O)c2)=O)=O)cccn1,0
c1ccc(C2=CC(NC(SCC(Nc3ccccc3C(N)=O)=O)=N2)=O)cc1,0
COC(Nc1ccc(CNC(C(Nc2cccc3c2cccn3)=O)=O)cc1)=O,0
COC(c1ccccc1NC(CNc2cc(CO)ccc2Cl)=O)=O,0
CCOc1cccc(NC(C(NCCNc2c(Cl)cc(Cl)cn2)=O)=O)c1,0
COC(Nc1ccc(CNC(C(Nc2cc3c(nc2)cccc3)=O)=O)cc1)=O,0
Cc1ccc(NC(C(NCc2ccc(NC(OC)=O)cc2)=O)=O)c3c1nccc3,0
CCNC(c1ccc(C)c(NC(C(NCc2ccc(C)nc2OC)=O)=O)c1)=O,0
CCNC(c1ccc(NC(C(NCc2ccc(C)nc2OC)=O)=O)c(C)c1)=O,0
CCOC(c1cccc(NCC(NC(Nc2ccccc2)=O)=O)c1)=O,0
Cc1ccc(CNC(C(Nc2cccc(NC(C3CC3)=O)c2)=O)=O)c(OC)n1,0
Cc1ccc(NC(C2CC2)=O)cc1NC(C(NCc3ccc(C)nc3OC)=O)=O,0
COc1c(NC(NC[C@H](O)COc2cccc(Cl)c2Cl)=O)cccn1,0
Cc1ccc(NC(C(NCCc2ccc(C(OC)=O)cc2)=O)=O)cc1C(N)=O,0
Cc1ccc(NC(C(NCc2cc(OC)cc(OC)c2)=O)=O)cc1C(N)=O,0
Cc1ccc(CNC(C(Nc2ccc(NC(C3CC3)=O)cc2)=O)=O)c(OC)n1,0
Cc1ccc(CNC(C(Nc2ccc(C(NC(C)C)=O)cc2C)=O)=O)c(OC)n1,0
Cc1ccc(CNC(C(Nc2ccc(C(NC(C)C)=O)cc2)=O)=O)c(OC)n1,0
Cc1ccc(CNC(C(Nc2ccc(NC(C(C)C)=O)cc2)=O)=O)c(OC)n1,0
CC(C(Nc1cccc(NC(C(NCc2cccnc2OC)=O)=O)c1)=O)C,0
Cc1ccc(CNC(C(Nc2cccc(NC(C(C)C)=O)c2)=O)=O)c(OC)n1,0
Cc1ccc(NC(C(C)C)=O)cc1NC(C(NCc2ccc(C)nc2OC)=O)=O,0
Cc1cc(OC)c(OC)cc1NC(C(NCc2cccc(C(N)=O)c2)=O)=O,0
CC(C(Nc1ccc(CNC(C(Nc2cccnc2OC)=O)=O)cc1)=O)C,0
CCC(Nc1cccc(NC(CNc2ccc(C(OC)=O)cc2)=O)c1C)=O,0
CCC(Nc1cc(NC(CNc2ccc(C(OC)=O)cc2)=O)ccc1C)=O,0
c1ccc2c(C(NC(SCc3ccc(C(NCCO)=O)cc3)=N2)=O)c1,0
COc1c(NC(C(NCc2cccc(NC(C3CCC3)=O)c2)=O)=O)cccn1,0
Cc1ccc(NC(C(NCc2cccc(OC)c2OC)=O)=O)cc1C(N)=O,0
CCNC(c1ccc(C)c(NC(C(NCc2ccc(OCC#N)cc2)=O)=O)c1)=O,0
COCCNC(NC(CNc1ccccc1Sc2ccccc2)=O)=O,0
C[C@@H](Sc1ccccc1NC(NCC(Nc2cccnc2)=O)=O)CC#N,0
C[C@H](Sc1ccccc1NC(NCC(Nc2cccnc2)=O)=O)CC#N,0
Cc1cc(N(C)C)ccc1NC(C(NCc2ccc(NC(OC)=O)cc2)=O)=O,0
Cc1c(NC(CNc2ccc(C(OC)=O)cc2)=O)cccc1NC(C3CC3)=O,0
Cc1ccc(CNC(C(Nc2ccc(C(NCC(C)C)=O)cc2)=O)=O)c(OC)n1,0
c1cc([N+]([O-])=O)ccc1C(NCC2=CC(=C(CCCC3)[C@H]34)C(=[NH+]4)C=C2)=O,0
c1cc([N+]([O-])=O)ccc1C(NCC2=CC(=C(CCCC3)[C@@H]34)C(=[NH+]4)C=C2)=O,0
Cc1ccc(NC2CCN(C(c3ccc4c(CCC4)c3)=O)CC2)n[nH+]1,0
Cc1ccc2c(c3c(CO2)c(C(NCCC4=C5C(=[NH+]C4)C=CC=C5)=O)no3)c1,0
Cc1c(C(NC(N2CCCC2)=[NH2+])=O)c(c3c(F)cccc3Cl)no1,0
c1ccc2c(c(N)nn2C(c3ccc(C[NH+]4CCCCC4)cc3)=O)c1,0
C1=CC(=C(CCN2C(c3c(c(C2=O)ccc4O)c4ccc3)=O)C5)C(=[NH+]5)C=C1,0
Cc1c2c(n(C)n1)sc(C(NCc3ccc[nH+]c3N4CCCCC4)=O)c2,0
Cc1ccc(NC2CCN(C(c3ccc(Cl)cc3F)=O)CC2)n[nH+]1,0
c1c[nH+]c(N2CCCCCC2)cc1CNC([C@H]3C[C@@H]4O[C@H]3CC4)=O,0
c1c[nH+]c(N2CCCCCC2)cc1CNC([C@@H]3C[C@@H]4O[C@H]3CC4)=O,0
c1ccn2c(c1)[nH+]c(CC(Nc3cc4c(OCCCO4)cc3Cl)=O)c2,0
c1cc(N2CCCCCC2)[nH+]cc1CNC([C@H]3C[C@@H]4O[C@H]3CC4)=O,0
c1cc(N2CCCCCC2)[nH+]cc1CNC([C@@H]3C[C@@H]4O[C@H]3CC4)=O,0
c1cc([N+]([O-])=O)c([nH+]c1)N2CCC(c3cc(c4ccco4)[nH]n3)CC2,0
CN1Cc2c(C[C@H]1c3nc(c4ccc5c(c4)cccc5)no3)[nH]c[nH+]2,0
c1c[nH+]ccc1N2CCN(C(c3cc4c(CCCC4)cc3O)=O)CC2,0
CC1=CSC(N12)=[NH+]C(CN3CCC(c4c[nH]c5c4cccc5)CC3)=CC2=O,0
c1ccc(NC(N2CCOC23CCN(c4[nH+]c(F)ccc4)CC3)=O)cc1,0
COc1ccc2c(CCN2C(NCc3ccc[nH+]c3N4CCCCC4)=O)c1,0
COc1ccc2c(c(O)c(C[NH+](CCC3)C3)c(c4ccccc4)n2)c1,0
Cc1ccc(c2nc(C[NH+]3CCN(c4ccccc4O)CC3)co2)c(C)c1,0
Cc1cc(C)c2c(c1)[nH]c(C(N3CCN(c4cc(C)[nH+]c(C)n4)CC3)=O)c2,0
Cc1[nH+]ccn1CC(Nc2ccc3c(OC(F)(F)O3)c2)=O,0
c1ccc(c2c1)C(=N)N(NC(c3ccc[n+](Cc4ccccc4C#N)c3)=O)C2,0
Cc1cc(O)c(C[NH+](CCC2)C2)c3c1C(\C(\O3)=C\c4ccccc4)=O,0
Cc1cccc2n1cc(CNC(c3cc4c(OCO4)c(Cl)c3)=O)[nH+]2,0
c1ccc2c([nH]c(CCn3cc[nH+]c3c4ccc5c(OCCO5)c4)n2)c1,0
Cc1cc(CN2CCc3c([C@@H]2c4cccn4c5nccs5)[nH+]c[nH]3)on1,0
Cc1cc(CN2CCc3c([C@H]2c4cccn4c5nccs5)[nH+]c[nH]3)on1,0
c1cc(N2CCCCC2)[nH+]cc1CNC(c3ccnc(F)c3)=O,0
c1ccc2c(C[C@H](CNC(N3CCN(c4cc[nH+]cc4)CC3)=O)CO2)c1,0
c1ccc2c(C[C@@H](CNC(N3CCN(c4cc[nH+]cc4)CC3)=O)CO2)c1,0
c1ccc(c2ncc(C(N[C@@H]3CCC[C@@H]3n4cc[nH+]c4)=O)cn2)cc1,0
c1ccc(c2ncc(C(N[C@H]3CCC[C@@H]3n4cc[nH+]c4)=O)cn2)cc1,0
c1ccc(c2ncc(C(N[C@H]3CCC[C@H]3n4cc[nH+]c4)=O)cn2)cc1,0
c1ccc(c2ncc(C(N[C@@H]3CCC[C@H]3n4cc[nH+]c4)=O)cn2)cc1,0
COc1ccc2c(CCN2C(Nc3ccc[nH+]c3N4CCCC4)=O)c1,0
c1cc(N2CCCCCC2)[nH+]cc1CNC(c3ccnc(F)c3)=O,0
c1ccc(CC(N\N=C/c2ccc(SCCO)c([N+]([O-])=O)c2)=O)cc1,0
Cc1ccc(C(N\N=C/c2ccc(SCCO)c([N+]([O-])=O)c2)=O)cc1,0
Cc1cccc(C(N\N=C/c2ccc(SCCO)c([N+]([O-])=O)c2)=O)c1,0
C[C@@H](OC(c1ccc(Cl)cc1[N+]([O-])=O)=O)C(NNC(c2ccccc2)=O)=O,0
C[C@H](OC(c1ccc(Cl)cc1[N+]([O-])=O)=O)C(NNC(c2ccccc2)=O)=O,0
c1cc(Cl)ccc1OCC(N\N=C\c2ccc(O)c([N+]([O-])=O)c2)=O,0
c1cc(O)ccc1\C=N\NC(COc2ccc(Cl)cc2[N+]([O-])=O)=O,0
C[C@H](Sc1ccccc1)C(NNC(COc2ccccc2[N+]([O-])=O)=O)=O,0
C[C@@H](Sc1ccccc1)C(NNC(COc2ccccc2[N+]([O-])=O)=O)=O,0
CCCOc1ccc(C(N\N=C\c2cc([N+]([O-])=O)ccc2O)=O)cc1,0
c1cc(O)ccc1C(OCC(Nc2ccc(Cl)c([N+]([O-])=O)c2)=O)=O,0
c1ccc(O)c(C(OCC(Nc2cc([N+]([O-])=O)ccc2Cl)=O)=O)c1,0
Cc1ccc(OCC(NNC(COc2ccc([N+]([O-])=O)cc2)=O)=O)cc1C,0
COc1ccc(O)c(\C=N\NC(Cc2ccc([N+]([O-])=O)cc2)=O)c1,0
c1cc(\C=N\NC(N)=O)cc(OCCOc2ccc([N+]([O-])=O)cc2)c1,0
COc1cc(\C=N\NC(CCc2ccccc2)=O)cc([N+]([O-])=O)c1O,0
c1cc(C#N)cc(C(NC[C@@H](O)COc2ccc([N+]([O-])=O)cc2)=O)c1,0
C\C(\c1ccccc1O)=N/NC(CSCc2ccc([N+]([O-])=O)cc2)=O,0
COc1ccccc1OCC(NNC(c2ccc(Cl)c([N+]([O-])=O)c2)=O)=O,0
COc1ccc(OCC(NNC(c2ccc([N+]([O-])=O)cc2Cl)=O)=O)cc1,0
c1cc([N+]([O-])=O)ccc1CCNC(c2ccc([N+]([O-])=O)c(O)c2)=O,0
CCN(c1ccc(\C=N\NC(c2cccc([N+]([O-])=O)c2)=O)c(O)c1)CC,0
COc1ccc(\C=C(/C(NNc2ccccc2[N+]([O-])=O)=O)\C#N)cc1,0
COc1ccc(\C=C(\C(NNc2ccccc2[N+]([O-])=O)=O)/C#N)cc1,0
Cc1ccc(SCC(NNC(c2cc([N+]([O-])=O)ccc2N(C)C)=O)=O)cc1,0
COc1ccccc1C(NNC(CSc2ccc([N+]([O-])=O)cc2)=O)=O,0
Cc1cccc(C(OCc2ccc(C(N)=O)cc2[N+]([O-])=O)=O)c1O,0
COc1cccc(CNC(c2cc([N+]([O-])=O)ccc2OC)=O)c1O,0
CC(Oc1ccc(C(NNC(c2ccc([N+]([O-])=O)o2)=O)=O)cc1OC)C,0
C[C@H](Sc1ccc([N+]([O-])=O)cc1)C(NCc2cccc(OC)c2O)=O,0
C[C@@H](Sc1ccc([N+]([O-])=O)cc1)C(NCc2cccc(OC)c2O)=O,0
c1ccc(OCCOc2ccc([N+]([O-])=O)cc2)c(\C=N\NC(N)=O)c1,0
c1ccc(OCCOc2ccc([N+]([O-])=O)cc2)c(\C=N/NC(N)=O)c1,0
CCOC(c1ccc(CNC(c2ccc([N+]([O-])=O)c(O)c2)=O)cc1)=O,0
CNc1ccc(C(Nc2ccc(OC)c(OC)c2)=O)cc1[N+]([O-])=O,0
Cc1cc(OC)c(OC)cc1NC(c2ccc(NC)c([N+]([O-])=O)c2)=O,0
COc1cccc(CNC(c2ccc(OC)c([N+]([O-])=O)c2)=O)c1O,0
CSc1ccc([N+]([O-])=O)c(C(NNC(CCOc2ccccc2)=O)=O)c1,0
COc1cc(OCC(NCc2ccc(O)cc2)=O)ccc1[N+]([O-])=O,0
Cn1cc(C2=C(c3cn(CCCSC(N)=[NH2+])c4c3cccc4)C(NC2=O)=O)c5c1cccc5,0
Cc1ccc(NC(C2CCC(CNC(\C(\C3=O)=[N+](/C4)\CCC(C)C4)=C3O)CC2)=O)cc1F,0
Cc1cc(F)ccc1NC(C2CCC(CNC(\C(=[N+](/C3)\CCC(C)C3)\C4=O)=C4O)CC2)=O,0
CC(Oc1ccc(C(NC(Nc2cccc(Cl)c2N3CC[NH+](C)CC3)=S)=O)cc1)C,0
C[NH+](CCN(c1ccc(NC(NC(c2ccc(OC)c(Br)c2)=O)=S)cc1Cl)C3)C3,0
Cc1cc(Br)cc(C(NC(Nc2ccccc2N3CC[NH+](C)CC3)=S)=O)c1OC,0
C[C@@H]([NH+](CCN(c1cccc(C(F)(F)F)c1)C2)C2)C(Nc3c4c([nH]c3C(OC)=O)ccc(Cl)c4)=O,0
c1ccc(C[NH+](Cc(sc2c3C(N[C@H](c4ccc(OC(\C=C\c5ccco5)=O)cc4)N2)=O)c3C6)C6)cc1,0
c1ccc(C[NH+](Cc(sc2c3C(N[C@@H](c4ccc(OC(\C=C\c5ccco5)=O)cc4)N2)=O)c3C6)C6)cc1,0
Cc1cc(Br)cc(C(NC(Nc2ccc(N3CC[NH+](C)CC3)c(Cl)c2)=S)=O)c1OC,0
Cc1ccc(NC(C2CCC(CNC(\C(=[N+](/C3)\CCCC3)\C4=O)=C4O)CC2)=O)cc1Cl,0
COc1ccc2c(c3c([C@@H](c4ccc(OC)c(C[NH+]5CCN(c6ccccc6F)CC5)c4)NCC3)[nH]2)c1,0
COc1ccc2c(c3c([C@H](c4ccc(OC)c(C[NH+]5CCN(c6ccccc6F)CC5)c4)NCC3)[nH]2)c1,0
c1cc(Cl)ccc1CNC(C2CCC(CNC(\C(\C3=O)=[N+](/C4)\CCCC4)=C3O)CC2)=O,0
C1=CC(=C([C@@H](c2ccccc2Cl)CNC(CN3C(O[C@@H](c4cccs4)N3)=O)=O)C5)C(=[NH+]5)C=C1,0
C1=CC(=C([C@H](c2ccccc2Cl)CNC(CN3C(O[C@@H](c4cccs4)N3)=O)=O)C5)C(=[NH+]5)C=C1,0
C1=CC(=C([C@@H](c2ccccc2Cl)CNC(CN3C(O[C@H](c4cccs4)N3)=O)=O)C5)C(=[NH+]5)C=C1,0
C1=CC(=C([C@H](c2ccccc2Cl)CNC(CN3C(O[C@H](c4cccs4)N3)=O)=O)C5)C(=[NH+]5)C=C1,0
C[C@@H]1C(c2csc(NC(CSc3ncc(c4ccccc4)[nH]3)=O)n2)=C5C(=[NH+]1)C=CC=C5,0
C[C@H]1C(c2csc(NC(CSc3ncc(c4ccccc4)[nH]3)=O)n2)=C5C(=[NH+]1)C=CC=C5,0
Cc1c(c2ccccc2)c(c3ccc(OCC[NH+](CCN(c4ccccc4)C5)C5)cc3O)n[nH]1,0
c1cc(Oc2ccc(Br)cc2)ccc1NC(C[NH+]3CCN(c4ccc(O)cc4)CC3)=O,0
c1cc(Cl)ccc1CCNC(C2CCC(CNC(\C(\C3=O)=[N+](/C4)\CCCC4)=C3O)CC2)=O,0
CCc1ccccc1NC(C2CCC(CNC(\C(=[N+](/C3)\CCCC3)\C4=O)=C4O)CC2)=O,0
CCc1cccc(NC(C2CCC(CNC(\C(=[N+](/C3)\CCCC3)\C4=O)=C4O)CC2)=O)c1,0
CCc1ccc(NC(C2CCC(CNC(\C(=[N+](/C3)\CCCC3)\C4=O)=C4O)CC2)=O)cc1,0
CC(c1ccc(NC(C2CCC(CNC(\C(=[N+](/C3)\CCCC3)\C4=O)=C4O)CC2)=O)cc1)C,0
c1ccc(C[NH+]2CCN(Cc3ccc(C(N\N=C\c4c5c(ccc4O)cccc5)=O)cc3)CC2)cc1,0
c1ccc2c(CCC[C@H]2NC(C3CCC(CNC(\C(=[N+](/C4)\CCCC4)\C5=O)=C5O)CC3)=O)c1,0
c1ccc2c(CCC[C@@H]2NC(C3CCC(CNC(\C(=[N+](/C4)\CCCC4)\C5=O)=C5O)CC3)=O)c1,0
COc1ccc2c(CCc3c2[nH]nc3C(NCC[NH+]4CCN(c5cccc(Cl)c5)CC4)=O)c1,0
CC[NH+]([C@@H](CN(C(Nc1ccccc1OC)=O)Cc2cc3c(nc2O)c(C)c(C)cc3)CC4)C4,0
C[C@@H]1c2c(CC[NH+]1Cc3cc([C@@H]4c5c(CCN4)c6c([nH]5)cccc6)ccc3OC)cc(OC)c(OC)c2,0
c1cc(C(F)(F)F)ccc1c2nc([C@@H]3Cc4c(CN3Cc5ccc(CO)o5)[nH+]c[nH]4)on2,0
COc1cccc2c1OC(C(C(NCc3ccccc3)=O)=C2)=[NH+]NC(c4cccc(F)c4)=O,0
COc1ccc(c2c(C[NH+](CCC(C(Nc3ccccc3O)=O)C4)C4)cn(c5ccccc5)n2)cc1,0
COc1cccc(C(N[NH+]=C(C(C(NCc2ccccc2)=O)=C3)Oc(cccc4)c34)=O)c1,0
COc1ccc2c(c1)OC(=[NH+]NC(c3cccs3)=O)C(C(NCc4ccccc4)=O)=C2,0
COc1cc(NC(Nc2ccc([C@@H]3C=C4C(=[NH+]3)C=CC(Cl)=C4)cc2)=O)cc(OC)c1OC,0
C[C@H](NC(c1ccc(C(C)=O)s1)=O)c2cccc(Br)c2,0
C[C@@H](NC(c1ccc(C(C)=O)s1)=O)c2cccc(Br)c2,0
C[C@H](NC(\C=C\c1cccs1)=O)c2ccc(OC(F)F)cc2,0
C[C@@H](NC(\C=C\c1cccs1)=O)c2ccc(OC(F)F)cc2,0
c1cc(SC(F)F)ccc1NC(c2ccc(Br)o2)=O,0
c1cc(\C=C\C(Nc2ccc(SC(F)F)cc2)=O)oc1,0
c1cc(\C=C\C(c2ccc(Cl)s2)=O)cc(NC(C(F)(F)F)=O)c1,0
Cc1ccc(\C=C\C(Nc2ccccc2SC(F)F)=O)o1,0
Cc1cc(C(N[C@H](c2cccc(OC(F)F)c2)C)=O)c(C)s1,0
Cc1ccsc1C(N[C@@H](c2ccc(OC(F)F)cc2)C)=O,0
Cc1ccsc1C(N[C@H](c2ccc(OC(F)F)cc2)C)=O,0
C[C@@H](NC(C(Oc1ccc(Cl)cc1)(C)C)=O)c2cccs2,0
C[C@H](NC(C(Oc1ccc(Cl)cc1)(C)C)=O)c2cccs2,0
CNC(c1ccc(c2ccc(Oc3ccccc3)cc2)s1)=O,0
Cc1ccsc1\C=C\C(Nc2ccccc2OC(F)F)=O,0
C[C@H](NC(\C=C\c1ccco1)=O)c2ccc(OC(F)F)cc2,0
C[C@@H](NC(\C=C\c1ccco1)=O)c2ccc(OC(F)F)cc2,0
CCc1ccc(C(Nc2ccccc2SC(F)F)=O)o1,0
C[C@@H](Sc1ccccc1)C(NCc2cc(Br)cs2)=O,0
C[C@H](Sc1ccccc1)C(NCc2cc(Br)cs2)=O,0
c1ccc(SC(F)F)c(NC(\C=C\c2cccs2)=O)c1,0
CNC(c1c(SCc2c(Cl)cccc2Cl)ccs1)=O,0
Cc1ccc([C@H](NC(c2cc(SC)ccc2Cl)=O)C)s1,0
CCOc1ccc([C@H](NC(c2ccc(Br)s2)=O)C)cc1,0
CCOc1ccc([C@@H](NC(c2ccc(Br)s2)=O)C)cc1,0
CC(C(Nc1ccc(C(\C=C\c2cccs2)=O)cc1)=O)(C)C,0
c1cc(\C=C\C(c2ccc(NC(c3cccs3)=O)cc2)=O)sc1,0
c1cc(OC(F)F)c(F)cc1NC(c2c(C3CC3)ccs2)=O,0
C[C@H](NC(\C(\C#N)=C/c1ccc(Cl)s1)=O)c2ccccc2,0
CC(Nc1ccc(SCc2c(Br)ccs2)cc1)=O,0
c1ccc(F)c(C(Nc2ccc(C(c3cccs3)=O)cc2)=O)c1,0
Cc1ccc(OC)c([C@H](NC(c2c(Br)ccs2)=O)C)c1,0
Cc1ccc(OC)c([C@@H](NC(c2c(Br)ccs2)=O)C)c1,0
CC(Oc1ccc(F)cc1NC(c2c(Br)ccs2)=O)C,0
c1ccc(Oc2ccc(NC(c3cccs3)=O)cc2)cc1,0
CC(NC(c1c(c2ccc(Cl)cc2)cc(SC)s1)=O)C,0
CC(c1ccsc1C(Nc2cc(F)ccc2OC(C)C)=O)C,0
CC(Oc1ccccc1NC(c2cc(Br)sc2)=O)C,0
c1cc(c2ccc(\C=N\NC(c3ccc(F)cc3)=O)s2)sc1,0
c1cc(CNC(NC2CCCCC2)=S)ccc1CNC(NC3CCCCC3)=S,0
c1ccc([C@H](c2c[nH]c3c2cccc3)CNC(CCCNC(c4ccc(Cl)cc4)=O)=O)cc1,0
c1ccc([C@@H](c2c[nH]c3c2cccc3)CNC(CCCNC(c4ccc(Cl)cc4)=O)=O)cc1,0
Cc1ccc(NC([C@@H](NC(C(c2ccccc2)c3ccccc3)=O)Cc4c[nH]c5c4cccc5)=O)c(C)c1,0
c1ccc(C(C(N[C@H](C(Nc2ccccc2)=O)Cc3c[nH]c4c3cccc4)=O)c5ccccc5)cc1,0
c1ccc(C(C(N[C@@H](C(Nc2ccccc2)=O)Cc3c[nH]c4c3cccc4)=O)c5ccccc5)cc1,0
c1ccc(CNC([C@@H](NC(Nc2ccc(Cl)c(Cl)c2)=O)Cc3c[nH]c4c3cccc4)=O)cc1,0
c1ccc(CNC([C@H](NC(Nc2ccc(Cl)c(Cl)c2)=O)Cc3c[nH]c4c3cccc4)=O)cc1,0
Cc1c(Cc2ccccc2)sc(NC(NC(CCC3CCCCC3)=O)=S)c1C(N)=O,0
Cc1cc(NC(NC(CCC2CCCCC2)=O)=S)ccc1NC(c3ccccc3)=O,0
c1ccc2c(c(C[C@H](NC(c3ccccc3Cl)=O)C(NCc4cccc(C(F)(F)F)c4)=O)c[nH]2)c1,0
Cc1ccc(NC(c2ccccc2NC(NC(CCC3CCCCC3)=O)=S)=O)cc1C,0
C[C@@H](NC(c1ccccc1NC(NC(CCC2CCCCC2)=O)=S)=O)c3ccccc3,0
C[C@H](NC(c1ccccc1NC(NC(CCC2CCCCC2)=O)=S)=O)c3ccccc3,0
CCc1cccc(C)c1NC(NNC(CCc2c[nH]c3c2cccc3)=O)=S,0
c1ccc(CNC(c2ccc(NC(NC(CCC3CCCCC3)=O)=S)cc2)=O)cc1,0
c1ccc(COC(N[C@H](C(NCc2cccc(Cl)c2)=O)Cc3c[nH]c4c3cccc4)=O)cc1,0
c1ccc(COC(N[C@@H](C(NCc2cccc(Cl)c2)=O)Cc3c[nH]c4c3cccc4)=O)cc1,0
c1cc(C(Nc2ccc(F)c(Cl)c2)=O)cc(NC(NC(CCC3CCCCC3)=O)=S)c1,0
CCC(C(Nc1ccc(c2[nH]c3c(n2)cc(NC(C(CC)CC)=O)cc3)cc1)=O)CC,0
CCn1cc(\C=C(/NC(c2ccc(C)cc2)=O)\C(NCCc3c[nH]c4c3cccc4)=O)c5c1cccc5,0
c1ccc(Cl)c(CCC(NC(Nc2ccc(C(NC3CCCCC3)=O)cc2)=S)=O)c1,0
c1ccc(C(NC(NCCc2c[nH]c(cccc3)c23)(C(F)(F)F)C(F)(F)F)=O)cc1,0
CCc1ccccc1NC(N(CC2=Cc3c(NC2=O)c(C)c(C)cc3)CCCO)=S,0
CCc1ccccc1NC(N(CC2=Cc3c(NC2=O)c(C)cc(C)c3)CCCO)=S,0
c1ccc(CCC(Nc2ccccc2C(Nc3ccc(Nc4ccccc4)cc3)=O)=O)cc1,0
CCCCc1nc2c(n1CC(NNC(Nc3cccc(Cl)c3C)=S)=O)cccc2,0
c1cc(NC(NC(CCC2CCCCC2)=O)=S)ccc1C(NC3CCCCC3)=O,0
C[C@H](NC(c1ccc(NC(NC(CCC2CCCCC2)=O)=S)cc1)=O)c3ccccc3,0
C[C@@H](NC(c1ccc(NC(NC(CCC2CCCCC2)=O)=S)cc1)=O)c3ccccc3,0
CC[C@@H](c1ccc(NC(NC[C@@H]2CCC[C@@H](CNC(Nc3ccc([C@H](CC)C)cc3)=O)C2)=O)cc1)C,0
CC[C@H](c1ccc(NC(NC[C@@H]2CCC[C@@H](CNC(Nc3ccc([C@H](CC)C)cc3)=O)C2)=O)cc1)C,0
CC[C@H](c1ccc(NC(NC[C@H]2CCC[C@@H](CNC(Nc3ccc([C@H](CC)C)cc3)=O)C2)=O)cc1)C,0
Cc1ccc(C(C)C)c(OCc2ccc(C(NNC(NC3CCCC3)=S)=O)o2)c1,0
CC([C@H](NC(c1ccco1)=O)C(NC[C@@H](c2c[nH]c3c2cccc3)c4ccccc4Cl)=O)C,0
CC([C@@H](NC(c1ccco1)=O)C(NC[C@H](c2c[nH]c3c2cccc3)c4ccccc4Cl)=O)C,0
CC([C@H](NC(c1ccco1)=O)C(NC[C@H](c2c[nH]c3c2cccc3)c4ccccc4Cl)=O)C,0
CC([C@@H](NC(c1ccco1)=O)C(NC[C@@H](c2c[nH]c3c2cccc3)c4ccccc4Cl)=O)C,0
CCCCCC(Nc1cccc(NC(NC(\C=C\c2ccccc2Cl)=O)=S)c1)=O,0
c1cc(NC([C@@H]2CC(Nc3c2c(N)nc(N4CCCCC4)n3)=O)=O)c(Cl)cc1Cl,0
c1cc(NC([C@H]2CC(Nc3c2c(N)nc(N4CCCCC4)n3)=O)=O)c(Cl)cc1Cl,0
c1cc(F)c(Cl)cc1NC([C@@H]2CC(Nc3c2c(N)nc(N4CCCCC4)n3)=O)=O,0
c1cc(F)c(Cl)cc1NC([C@H]2CC(Nc3c2c(N)nc(N4CCCCC4)n3)=O)=O,0
c1cc(Cl)c(C(F)(F)F)cc1NC([C@@H]2CC(Nc3c2c(N)nc(N4CCCCC4)n3)=O)=O,0
c1cc(Cl)c(C(F)(F)F)cc1NC([C@H]2CC(Nc3c2c(N)nc(N4CCCCC4)n3)=O)=O,0
Cc1cc(F)ccc1NCc2cc(C(N3CC[C@H](O)C3)=O)cc(N4CC[C@H](O)C4)n2,0
Cc1cc(F)ccc1NCc2cc(C(N3CC[C@H](O)C3)=O)cc(N4CC[C@@H](O)C4)n2,0
Cc1c(C)c(C(N)=O)c(SCC(NN2C(C3(NC2=O)CCCCC3)=O)=O)nc1C,0
c1ccc2c(CCCN2C(CSC3=NC(N)=C(NC(c4cccs4)=O)C(=O)N3)=O)c1,0
Cc1cc(Br)ccc1NC(CNC(Cc2c(C)nc3n(c2C)nc(N)n3)=O)=O,0
Cc1ccc(NC(CN2c3c(\C(\C2=O)=N\NC4=NC(C)=CC(=O)N4)cccc3)=O)cc1,0
Cc1cccc(C)c1NC(CN2c3c(\C(\C2=O)=N\NC4=NC(C)=CC(=O)N4)cccc3)=O,0
CC1CCC2(C(N(NC(CSc3[nH]nc(c4cccs4)n3)=O)C(N2)=O)=O)CC1,0
c1ccc(O)c([C@H]2Cc3c(C(C2)=O)cnc4c3C(NC(NCc5ccco5)=N4)=O)c1,0
c1ccc(O)c([C@@H]2Cc3c(C(C2)=O)cnc4c3C(NC(NCc5ccco5)=N4)=O)c1,0
CCOc1ccccc1NC([C@@H]2CC(NC3=C2C(NC(N4CCc5c(C4)cccc5)=N3)=O)=O)=O,0
CCOc1ccccc1NC([C@H]2CC(NC3=C2C(NC(N4CCc5c(C4)cccc5)=N3)=O)=O)=O,0
CCOC(N1CCc2c(C1)sc3c2C(N[C@H](c4ccc(O)c(OC)c4)N3)=O)=O,0
CCOC(N1CCc2c(C1)sc3c2C(N[C@@H](c4ccc(O)c(OC)c4)N3)=O)=O,0
Cc1c(C)n[nH]c1CCC(Nc2ccccc2C3=NN4[C@@H](SC=C4C)NC3=O)=O,0
Cc1c(C)n[nH]c1CCC(Nc2ccccc2C3=NN4[C@H](SC=C4C)NC3=O)=O,0
Cc1ccc(OC)c(NC([C@H]2CC(NC3=C2C(NC(N4CCc5c(C4)cccc5)=N3)=O)=O)=O)c1,0
Cc1ccc(OC)c(NC([C@@H]2CC(NC3=C2C(NC(N4CCc5c(C4)cccc5)=N3)=O)=O)=O)c1,0
C[C@@H](O)c1cc2c(OCO2)cc1NC(c3cnn4c3N[C@H](c5ccco5)C[C@@H]4C(F)(F)F)=O,0
C[C@H](O)c1cc2c(OCO2)cc1NC(c3cnn4c3N[C@H](c5ccco5)C[C@@H]4C(F)(F)F)=O,0
C[C@H](O)c1cc2c(OCO2)cc1NC(c3cnn4c3N[C@@H](c5ccco5)C[C@@H]4C(F)(F)F)=O,0
C[C@@H](O)c1cc2c(OCO2)cc1NC(c3cnn4c3N[C@@H](c5ccco5)C[C@@H]4C(F)(F)F)=O,0
Cc1ccc(c2cc(C(Nc3cc(S(N4CCOCC4)(=O)=O)ccc3O)=O)n[nH]2)s1,0
CC(Nc1cccc(NC([C@H]2CC(O)=Nc3n2ncc3c4ccc(OC)cc4)=O)c1)=O,0
CC(Nc1cccc(NC([C@@H]2CC(O)=Nc3n2ncc3c4ccc(OC)cc4)=O)c1)=O,0
c1ccc(Cc2nnc(s2)NC(C[C@@H]3C(O)=Nc4c(C(N3)=O)cccc4)=O)cc1,0
CC(Nc1ccc(NC(c2ccc3c(NC(N(Cc4ccc5c(OCO5)c4)C3=O)=O)c2)=O)cc1)=O,0
Cc1c(C(C)=O)c(C)[nH]c1C(Nc2ccc(S(\N=C(/C3)\NCCCC3)(=O)=O)cc2)=O,0
Cc1cc(NC(CSc2nnc(c3cc(C)[nH]n3)n2N)=O)ccc1Br,0
C[C@@H](Sc1nnc(C(F)(F)F)n1N)C(NC(NC23CC4CC(CC(C2)C4)C3)=O)=O,0
C[C@H](Sc1nnc(C(F)(F)F)n1N)C(NC(NC23CC4CC(CC(C2)C4)C3)=O)=O,0
c1cc2c(OCO2)cc1C(NCC(N\N=C\c3cc(Br)ccc3O)=O)=O,0
COc1cc([N+]([O-])=O)ccc1NC(C[C@H]2C(Nc3c(c(N2)ccc4)c4ccc3)=O)=O,0
c1cc(C(N\N=C\c2cc(\C=N\NC(c3c(O)cccc3)=O)ccc2)=O)c(O)cc1,0
COc1cc([C@H]2c3c(C(N2CCCO)=O)[nH]nc3c4ccccc4O)ccc1O,0
C[C@H](SCc1ccccc1)C(N\N=C\c2c(O)cc(O)cc2O)=O,0
Cc1ccc(NC(CSC2=NC(N)=C(NC(c3cccs3)=O)C(=O)N2)=O)c(C)c1,0
Cc1cc(C)c(NC(CSC2=NC(N)=C(NC(c3ccco3)=O)C(=O)N2)=O)c(C)c1,0
COc1ccnc(NNC(NCc2cccc(NC(C3CCCCC3)=O)c2)=O)n1,0
C\C(\c1ccc(O)cc1)=N\NC(c2ccc(C(N\N=C(\c3ccc(O)cc3)/C)=O)cc2)=O,0
c1cc(NC([C@H]2CCCO2)=O)c(O)cc1Cc3ccc(NC([C@@H]4CCCO4)=O)c(O)c3,0
CNc1ccc(C(NNC(c2cc(c3ccccc3)n[nH]2)=O)=O)cc1[N+]([O-])=O,0
c1cc(NC([C@@H]2CCCO2)=O)c(O)cc1Cc3ccc(NC([C@@H]4CCCO4)=O)c(O)c3,0
Cc1cccc(C(NN\C(\C)=C\C(Nc2cccc([N+]([O-])=O)c2)=O)=O)c1O,0
Cc1c([C@@H](c2c(O)n[nH]c2C)c3ccc(OC(C)C)c(OC)c3)c(O)[nH]n1,0
c1ccc2c(nc(NNC(C(F)(F)F)=O)c(NNC(C(F)(F)F)=O)n2)c1,0
Cc1cc(Cl)ccc1NC(\C=C(\NNC(c2cc(N)cc([N+]([O-])=O)c2)=O)/C)=O,0
COc1ccc(c2c(\C=N\NC(c3cc(O)cc(O)c3)=O)c[nH]n2)cc1,0
CCOc1cc([C@@H]2[C@@H](C(OCC)=O)[C@](O)(C(F)(F)F)NC(=S)N2)ccc1O,0
CCNC(\N=C(\Nc1nc(C)cc(C)n1)/NCCc2c[nH]c3c2cc(F)cc3)=O,0
Cc1ccccc1NC(C2=C(C)Nc3n([C@H]2c4ccc(O)cc4)nc(CCCO)n3)=O,0
CCOc1cc([C@H]2[C@@H](C(OCC)=O)[C@](O)(C(F)(F)F)NC(=S)N2)ccc1O,0
CCc1cc2c(cc1O)OC(=O)C=C2CNc3cccc(NC(CO)=O)c3,0
c1ccc(\C(\C=N\NC(c2ccc(O)cc2)=O)=N\NC(c3ccc(O)cc3)=O)cc1,0
Cc1ccccc1NC(C2=C(C)Nc3n([C@@H]2c4ccc(O)cc4)nc(CCCO)n3)=O,0
CC[C@@H]([C@H](NC(CC1=C(C)c2c(OC1=O)cc(O)cc2O)=O)CO)C,0
c1ccc(Nc2nc3c(cc(C(NCCCc4c(C#N)c(N)[nH]n4)=O)s3)s2)cc1,0
C\C(\NNC(c1cccc(O)c1)=O)=C/C(Nc2ccc(Cl)c([N+]([O-])=O)c2)=O,0
C[C@@H](SCc1ccccc1)C(N\N=C\c2c(O)cc(O)cc2O)=O,0
CC1=C(C(N\N=C\c2ccccc2OC)=O)[C@H](c3ccc(O)c(OC)c3)NC(N1)=S,0
CC1=C(C(N\N=C\c2ccccc2OC)=O)[C@@H](c3ccc(O)c(OC)c3)NC(N1)=S,0
c1cc(NC([C@H]2CCCO2)=O)c(O)cc1Cc3ccc(NC([C@H]4CCCO4)=O)c(O)c3,0
c1ccc(Nc2ccc(NC(c3ccc(n4c(N)c(C#N)cn4)cc3)=O)cn2)cc1,0
CCNC(Nc1ccc(c2nc(Nc3nc(C)cc(C)n3)[nH]n2)cc1)=O,0
c1cc(Nc2ccc(NCCNC(c3ccc(F)cc3Cl)=O)nn2)cnc1,0
C\C(\c1ccccc1)=N/Nc2nnc(SCC(Nc3cccc4c3cccc4)=O)n2N,0
Cc1ccnc(Nc2ccc(NCCNC(c3ccc(F)cc3)=O)nn2)c1,0
Cc1ccnc(Nc2ccc(NCCNC(c3cccc(F)c3)=O)nn2)c1,0
C[C@H](NC(NNc1ccc(n2cccn2)nn1)=O)Cc3ccccc3F,0
C[C@@H](NC(NNc1ccc(n2cccn2)nn1)=O)Cc3ccccc3F,0
Cc1[nH]nc([C@H](NC(Nc2ncn(Cc3ccccc3)n2)=O)c4ccccc4)n1,0
Cc1[nH]nc([C@@H](NC(Nc2ncn(Cc3ccccc3)n2)=O)c4ccccc4)n1,0
CCC([C@@H](NC(NNC(NC1CCCC1)=S)=O)c2cccs2)CC,0
c1cc(F)ccc1CNC(NNC(NC2CCCCC2)=S)=S,0
CCC([C@H](NC(NNC(NC1CCCC1)=S)=O)c2cccs2)CC,0
CCCCCCNC(Nc1cc(NC(Nc2ccccc2)=O)ccc1C)=O,0
Cc1c(CC(NNC(Nc2ccccc2C(C)C)=S)=O)c3c([nH]1)cccc3,0
Cc1ccc(NC(NNC(CCc2c[nH]c3c2cccc3)=O)=S)c(C)c1,0
CC(c1ccccc1NC(NNC(Cc2c[nH]c3c2cccc3)=O)=S)C,0
c1ccc2c(c(CCCC(NNC(Nc3ccc(F)cc3F)=S)=O)c[nH]2)c1,0
c1ccc2c(c(CCCC(NNc3ccc(F)c(F)c3F)=O)c[nH]2)c1,0
c1ccc2c(c(CCC(NNC(c3ccc(c4ccc(F)cc4)s3)=O)=O)c[nH]2)c1,0
c1ccc(CNC(NNC(Cc2coc3c2cc4c(CCC4)c3)=O)=S)cc1,0
Cc1ccc(C(O)(c2ccc(C)cc2)CCC(NNc3ccccc3)=O)cc1,0
c1ccc2c(c(C(NNC(CCc3ccc(OC(F)(F)F)cc3)=O)=O)c[nH]2)c1,0
C[C@@H]1CCCC[C@@H]1NC(NNC(CCc2c[nH]c3c2cccc3)=O)=S,0
CC(c1ccccc1NC(NNC(Cc2c3c(on2)cccc3)=O)=S)C,0
CCc1cccc(C)c1NC(NNC(Cc2c3c(on2)cccc3)=O)=S,0
CC(c1ccccc1NC(NNC(CCCc2[nH]c3c(n2)cccc3)=O)=S)C,0
CCOc1ccc(NC(NNC(CCCc2c[nH]c3c2cccc3)=O)=S)cc1,0
Cc1cccc(C)c1OC[C@H](O)CNC(CCCc2c[nH]c3c2cccc3)=O,0
c1cc(CCC(NNC(NC2CCCC2)=S)=O)cc(OC3CCCC3)c1,0
c1ccc(OC(F)(F)F)c(CCC(NNC(c2c[nH]c3c2cccc3)=O)=O)c1,0
c1ccc([C@@H](c2c[nH]c3c2cccc3)CNC(CCNC(NC4CCCCC4)=O)=O)cc1,0
c1ccc([C@H](c2c[nH]c3c2cccc3)CNC(CCNC(NC4CCCCC4)=O)=O)cc1,0
c1ccc(CNC(NNC(c2cccc3c2[nH]c4c3CCCC4)=O)=S)cc1,0
Cc1ccc(NC(NNC(CCn2c3c(c4c2CCCC4)cccc3)=O)=S)cc1,0
c1cc2c(CCC2)cc1OCC(NNC(Nc3ccc(F)cc3F)=S)=O,0
c1cc(NC(c2ccco2)=O)cc(NC(NC(CCC3CCCCC3)=O)=S)c1,0
C#Cc1cccc(NC(NNC(CCC2CCCCC2)=O)=S)c1,0
c1ccc(COc2cccc(C(NNC(NC3CCCCC3)=S)=O)c2)cc1,0
CCOc1ccc(NC(NNC(Cc2c[nH]c3c2cccc3)=O)=S)cc1,0
CC(c1ccc2c(c1)[nH]c(C(NNC(NC3CCCC3)=S)=O)c2)(C)C,0
c1ccc2c(cc(C(NCCNC(CCCc3c[nH]c4c3cccc4)=O)=O)[nH]2)c1,0
c1ccc(CCC(NNC(NC(\C=C\c2cccc3c2cccc3)=O)=S)=O)cc1,0
C=CCNC(NNC(CCCc1ccc2c(c3c(C2)cccc3)c1)=O)=S,0
CC(Oc1ccc(NC(NNC(CC2CCCCC2)=O)=S)cc1)C,0
Cc1ccc(NC(NNC(Cc2c[nH]c3c2cccc3)=O)=S)c(C)c1,0
Cc1ccc(C(C)C)c(OCC(NNC(NC2CCCCC2)=S)=O)c1,0
c1ccc2c(c(CCCC(NC[C@@H](O)c3ccccc3C(F)(F)F)=O)c[nH]2)c1,0
c1ccc2c(c(CCCC(NC[C@H](O)c3ccccc3C(F)(F)F)=O)c[nH]2)c1,0
CCOc1ccc(N\C(=N\C(c2ccc(NC(C)=O)cc2)=O)\NCCC3=C4C(=[NH+]C3)C=CC=C4)cc1,0
CC(Nc1ccc(C(=O)\N=C(\NCCC2=C3C(=[NH+]C2)C=CC=C3)/Nc4ccc(OC)c(OC)c4)cc1)=O,0
c1ccc(CCNC(CS[C@H]2Nc3c(C(N2NC(CCC4=C5C(=[NH+]C4)C=CC=C5)=O)=O)cccc3)=O)cc1,0
CCCCOc1cccc(C(NC(Nc2cc(C(OC)=O)ccc2N3CC[NH+](CC)CC3)=S)=O)c1,0
CCOC(c1c(c2ccc(OC)c(OC)c2)csc1NC(NC(C[NH2+]C3CCCCCC3)=O)=S)=O,0
C[C@]12C(CC[C@@H]3[C@@H]1CC[C@@]4(C)[C@@H]3CC[C@]4(O)C(COC(CCC(NCCCn5cc[nH+]c5)=O)=O)=O)=CC(=O)CC2,0
CC[NH+](CCCCNc1ncc2c(n1)nc(NC(NC(C)(C)C)=O)c(c3c(Cl)cccc3Cl)c2)CC,0
CC[NH+](CCCN1[C@H](c2ccc(C(C)(C)C)cc2)\C(\C(C1=O)=O)=C(/O)\c3c(C)c(C(OC)=O)[nH]c3C)CC,0
c1ccc(CCNC(CS[C@@H]2Nc3c(C(N2NC(CCC4=C5C(=[NH+]C4)C=CC=C5)=O)=O)cccc3)=O)cc1,0
CCOc1ccc(N\C(=N/C(c2cccc(NC(C)=O)c2)=O)\NCCC3=C4C(=[NH+]C3)C=CC=C4)cc1,0
CC[NH+](CCCN1[C@@H](c2ccc(C(C)(C)C)cc2)\C(\C(C1=O)=O)=C(/O)\c3c(C)c(C(OC)=O)[nH]c3C)CC,0
CC(Nc1cccc(C(=O)\N=C(\NCCC2=C3C(=[NH+]C2)C=CC=C3)/Nc4ccc(OC)c(OC)c4)c1)=O,0
CC[NH+](CCNC(c1cc(NC(C2CCCC2)=O)ccc1N3CCN(c4ccccc4OC)CC3)=O)CC,0
CC[NH+](CCNC(c1cc(NC(C2CCCCC2)=O)ccc1N3CCN(c4ccccc4OC)CC3)=O)CC,0
C1=CC(=C(CCCC(OCC(Nc2ccccc2C(Nc3ccc4c(OCO4)c3)=O)=O)=O)C5)C(=[NH+]5)C=C1,0
CCOc1cccc2c1OC(C(C(NCCc3ccc(OC)c(OC)c3)=O)=C2)=[NH+]NC(c4cccs4)=O,0
CCc1c2c(sc1C(OC)=O)N=C(C[NH+](C3CCCCC3)C[C@@H](O)COc4ccccc4)NC2=O,0
CCOc1cccc2c1OC(C(C(NCCc3ccc(OC)c(OC)c3)=O)=C2)=[NH+]NC(c4ccco4)=O,0
CCc1c2c(sc1C(OC)=O)N=C(C[NH+](C3CCCCC3)C[C@H](O)COc4ccccc4)NC2=O,0
CC[NH+](c1ccc(NC(CSc2nc(N\N=C\c3cccc(Oc4ccccc4)c3)[nH]n2)=O)cc1)CC,0
Cc1c2c(sc1C(OC(C)C)=O)N=C(C[NH+](C(C)C)C[C@@H](O)COc3ccc(Cl)cc3)NC2=O,0
Cc1c2c(sc1C(OC(C)C)=O)N=C(C[NH+](C(C)C)C[C@H](O)COc3ccc(Cl)cc3)NC2=O,0
Cc1cc(N(CCO)CCO)ccc1\C(\c2ccccc2Cl)=C/3\C=C\C(\C=C3C)=[N+](\CCO)/CCO,0
C[NH+]([C@H](c1ccccc1)CNC(CSc2nnc(Nc3ccc(OC(F)(F)F)cc3)s2)=O)C,0
COc1ccc(OC)c(NC(COC([C@@H](NC(c2ccc(F)cc2)=O)CC3=C4C(=[NH+]C3)C=CC=C4)=O)=O)c1,0
C[C@]12C(CC[C@@H]3[C@H]1CC[C@@]4(C)[C@@H]3CC[C@]4(O)C(COC(CCC(NCCCn5cc[nH+]c5)=O)=O)=O)=CC(=O)CC2,0
C[C@]12C(CC[C@H]3[C@@H]1CC[C@@]4(C)[C@@H]3CC[C@]4(O)C(COC(CCC(NCCCn5cc[nH+]c5)=O)=O)=O)=CC(=O)CC2,0
C[C@]12C(CC[C@H]3[C@H]1CC[C@@]4(C)[C@@H]3CC[C@]4(O)C(COC(CCC(NCCCn5cc[nH+]c5)=O)=O)=O)=CC(=O)CC2,0
C[NH+]([C@@H](c1ccccc1)CNC(CSc2nnc(Nc3ccc(OC(F)(F)F)cc3)s2)=O)C,0
CCOC(c1ccc(N2C(C[C@@H]([NH+](CCC(Nc3ccc(OC(F)(F)F)cc3)C4)C4)C2=O)=O)cc1)=O,0
COC(c1c(c2ccc(CNc3ccc(C(N4CC[NH+](CCC=C)CC4)=O)cn3)c(F)c2)cccc1F)=O,0
Cc1ccccc1NC(c2nnc(COc3ccc(C(NCCC[NH+]4CCCCC4)=O)cc3)s2)=O,0
Cc1cccc(C(NC(Nc2cc(C(OC)=O)ccc2N3CC[NH+](Cc4ccccc4)CC3)=S)=O)c1,0
Cc1cc(C)cc(C(NC(Nc2cc(C(OC)=O)ccc2N3CC[NH+](Cc4ccccc4)CC3)=S)=O)c1,0
CCCC(NC(Nc1cc(C(OC)=O)ccc1N2CC[NH+](Cc3ccccc3)CC2)=S)=O,0
C[C@@H](NC(c1cc(OC)c(OC)c(OC)c1)=O)[C@@H]([NH+](CCN(c2ccc(OC)cc2)C3)C3)c4cccs4,0
Cc1c2c(sc1C(OCC=C)=O)N=C(C[NH+](C3CCCCC3)C[C@H](O)CCC=C)NC2=O,0
Cc1c2c(sc1C(OCC=C)=O)N=C(C[NH+](C3CCCCC3)C[C@@H](O)CCC=C)NC2=O,0
CCOc1ccccc1[C@@H]2[NH+](CC(Nc3c(C(OC)=O)c4c(CCCC4)s3)=O)CC[C@](O)(CCCC5)[C@@H]25,0
c1cc(c2nnc(SCc3ccc(Cl)cc3)o2)oc1,0
CC(n1ccc(c2ccc(c3cc(C(F)(F)F)n(C)n3)s2)n1)=O,0
C[C@@H](Sc1ccc(Cl)cc1)c2nc(c3ccco3)no2,0
C[C@H](Sc1ccc(Cl)cc1)c2nc(c3ccco3)no2,0
CSc1ccccc1c2nc(c3ccc(C(F)(F)F)cc3)no2,0
C[C@H](Sc1c(Cl)cccc1Cl)c2nc(c3ccco3)no2,0
C[C@@H](Sc1c(Cl)cccc1Cl)c2nc(c3ccco3)no2,0
C[C@@H](Sc1ccccc1Cl)c2nc(c3ccco3)no2,0
C[C@H](Sc1ccccc1Cl)c2nc(c3ccco3)no2,0
c1cc(c2nc(CSc3ccc(F)cc3)no2)sc1,0
C[C@@H](N1C(\C(\SC1=S)=C\c2ccco2)=O)c3ccccc3,0
C[C@H](N1C(\C(\SC1=S)=C\c2ccco2)=O)c3ccccc3,0
C[C@H](Sc1ccc(F)cc1F)c2nc(c3cccs3)no2,0
C[C@@H](Sc1ccc(F)cc1F)c2nc(c3cccs3)no2,0
COc1ccc(c2nc(c3cccc(C(F)(F)F)c3)no2)cc1,0
c1ccc(N2C(\C(\SC2=S)=C/C=C/c3ccco3)=O)cc1,0
Cc1ccc(\C=C(\C2=O)/SC(=S)N2[C@@H](c3ccccc3)C)o1,0
Cc1ccc(\C=C(\C2=O)/SC(=S)N2[C@H](c3ccccc3)C)o1,0
CC(N1C(\C(\SC1=O)=C/c2cccc(C(F)(F)F)c2)=O)C,0
c1ccc(\C=C\CSc2nnc(c3cccs3)o2)cc1,0
c1cc(c2nc(CSc3ccc(F)cc3F)on2)sc1,0
CC(c1nc(CSc2ccc(Br)cc2)no1)C,0
c1ccc(Cl)c(N2C(\C(\SC2=O)=C\C=C\c3ccco3)=O)c1,0
CSc1ccccc1c2nc(c3ccc(Cl)cc3)no2,0
CSc1ccccc1c2nc(c3cccc(Cl)c3)no2,0
c1ccc2c(nc([C@H](C(c3cc4c(o3)ccc(Cl)c4)=O)C#N)o2)c1,0
c1ccc2c(nc([C@@H](C(c3cc4c(o3)ccc(Cl)c4)=O)C#N)o2)c1,0
Cc1nc2c(o1)ccc(c3nc(c4ccc(C(F)(F)F)cc4)on3)c2,0
Cc1nc2c(o1)ccc(c3nc(c4cccc(C(F)(F)F)c4)on3)c2,0
CCc1nc([C@@H](S[C@H](c2c(F)cccc2F)C)C)on1,0
CCc1nc([C@H](S[C@H](c2c(F)cccc2F)C)C)on1,0
c1ccc(F)c(C(c2nnc(c3ccc(Cl)cc3)o2)=O)c1,0
Cn1c(Oc2ccc(Cl)cc2)c(C=O)c(C(F)(F)F)n1,0
C=CCN1C(\C(\SC1=O)=C/c2ccc(c3cccc(F)c3)o2)=O,0
CCS(N(C(c1ccc(c2ccc(Cl)cc2)s1)=O)C)(=O)=O,0
C=CCN1C(\C(\SC1=S)=C\c2cccc(C(F)(F)F)c2)=O,0
C=CCN1C(\C(\SC1=O)=C/c2ccc(C(F)(F)F)cc2)=O,0
c1ccc(CN2C(\C(\SC2=O)=C\c3cccc(Cl)c3)=O)cc1,0
c1cc(c2nc(c3ccc(Cl)nc3)on2)cc(C(F)(F)F)c1,0
c1cc(C#N)ccc1CN(C(\C=C\c2ccsc2)=O)CC(F)(F)F,0
CCc1ccc(C(N(CC(F)(F)F)Cc2ccc(C#N)cc2)=O)o1,0
C[C@@H](Oc1cccc(Cl)c1)C(N(Cc2cccs2)C)=O,0
C[C@H](Oc1cccc(Cl)c1)C(N(Cc2cccs2)C)=O,0
CCN(C(\C(\C#N)=C/c1ccc(c2ccc(F)cc2)o1)=O)CC,0
c1ccc(CN(C(c2ccc(C=O)cc2)=O)CC(F)(F)F)cc1,0
CN(C(c1ccc(C=O)cc1)=O)Cc2csc3c2cccc3,0
Cc1cc(C)c(C(CN2C=C(C(F)(F)F)C=C(Cl)C2=O)=O)c(C)c1,0
Cc1cc(C)c(C(CN2C=C(C(F)(F)F)C=C(Cl)C2=O)=O)cc1C,0
C[C@@H](N(C([C@H](Oc1ccccc1Cl)C)=O)C)c2cccs2,0
C=CCN(C(c1c(C2CC2)ccs1)=O)Cc3ccc(C#N)cc3,0
C[C@H](C(N(Cc1ccc(OC)cc1)C)=O)Cc2cccc(F)c2,0
C[C@@H](C(N(Cc1cccc(OC)c1)C)=O)Cc2cccc(F)c2,0
CN(C(c1ccc(OCc2cccs2)cc1)=O)c3ccccc3,0
c1cc(SCC(N(C2CC2)Cc3ccsc3)=O)ccc1F,0
CN(C(c1c(C2CC2)ccs1)=O)Cc3ccc(OC)cc3,0
CN(C(COc1ccc(F)c(Cl)c1)=O)Cc2cccs2,0
CSc1ccccc1C(N(C2CC2)Cc3ccsc3)=O,0
CN(C(c1ccc(CSc2ccccc2)o1)=O)c3ccccc3,0
C1=CC(=O)N(\C(\C(c2ccc(Cl)cc2)=O)=C/c3ccc(F)cc3)C=C1,0
CN(C(\C=C\c1cccs1)=O)CCOc2ccccc2F,0
CCCN(C(\C=C\c1ccc(Cl)c(C(F)(F)F)c1)=O)CC#N,0
c1ccc(CN(C(c2ccc(C#N)cc2)=O)Cc3ccco3)cc1,0
CCN(C(\C=C(/c1ccccc1OC)\C)=O)Cc2cccs2,0
Cc1ccsc1CN(C(\C=C(\c2ccccc2OC)/C)=O)C,0
CCCN(C(c1ccc(c2cccc(C(F)(F)F)c2)o1)=O)CC#N,0
CN(C(c1ccc(C(N(c2ccccc2)C)=O)s1)=O)c3ccccc3,0
Cc1ccc([C@@H](N(C(\C=C\c2c(Cl)nc3n2ccs3)=O)C)C)cc1,0
Cc1ccc([C@H](N(C(\C=C\c2c(Cl)nc3n2ccs3)=O)C)C)cc1,0
C=CCN(C(c1ccc(Br)o1)=O)Cc2cccc(C#N)c2,0
C[C@H](N(C(\C=C\c1cccs1)=O)C)c2ccccc2OC,0
C[C@@H](N(C(\C=C\c1cccs1)=O)C)c2ccccc2OC,0
C=CCN(C(c1csc(c2ccccc2)n1)=O)CC(F)(F)F,0
CC(Oc1ccc(Cl)cc1)(C(N(C2CC2)Cc3ccsc3)=O)C,0
Cc1ccc(\C=C(/C(N(Cc2c(C)ccs2)C)=O)\C#N)cc1,0
Cc1ccc(CN(C(CSc2ccc(c3ccccc3)cc2)=O)C)o1,0
CC(c1ccc(CN(C(\C=C\c2cscn2)=O)C)cc1)C,0
CCN(C(c1ccc(C)s1)=O)[C@H](Cc2ccc(OC)cc2)C,0
CCN(C(c1ccc(C)s1)=O)[C@@H](Cc2ccc(OC)cc2)C,0
CC(NNc1ccccc1)=O,0
CNC(c1cc(C2CC2)[nH]n1)=O,0
c1ccc2c(C[C@H](C(N)=O)CN2)c1,0
c1ccc2c(C[C@@H](C(N)=O)CN2)c1,0
c1ccc(C(NO)=O)cc1,0
CCC(Nc1cccc(N)c1)=O,0
CCC1=CNC(NC1=O)=S,0
c1ccc(F)c(C(NO)=O)c1,0
c1cc(F)ccc1C(NO)=O,0
CC(Nc1ccc(O)c(F)c1)=O,0
CCC1=CC(NC(N1)=S)=O,0
c1ccc(Br)c(C(NO)=O)c1,0
CC(N(O)c1ccccc1)=O,0
CNC(\C(\c1ccccc1)=N/O)=O,0
CC(C)([C@H]12)[C@@](C)([C@@H](O)[C@@H]1NO)CC2,0
CC(C)([C@@H]12)[C@](C)([C@@H](O)[C@@H]1NO)CC2,0
Cc1ccc(NC(NO)=O)cc1,0
Cc1ccccc1NC(NO)=O,0
c1cc(F)c(C(NO)=O)c(F)c1,0
Cc1ccccc1NC(\C=N\O)=O,0
c1ccc(F)c(NC(\C=N/O)=O)c1,0
c1ccc2c(cccc2C(NN)=O)c1,0
CC(NNC(c1ccc2c(CCC2)c1)=O)=O,0
c1c[nH]cc2c1ncc2[N+]([O-])=O,0
Cc1c(C[C@H](O)C=C)c(C)n[nH]1,0
Cc1c(C[C@@H](O)C=C)c(C)n[nH]1,0
C1C[C@@]2(CC=C1)CC\C(\C=C2)=N\NC(N)=O,0
CCC(NNC(c1cccs1)=O)=O,0
Cc1ccc(C(NN)=O)cc1OC,0
C[C@@H](O)C(NC1CCCCC1)=O,0
C1CC\C(\C1)=N\NC(C(F)(F)F)=O,0
CCCc1cc(C(NN)=O)cs1,0
c1ccc([C@@H]2CCCN2N)cc1,0
c1ccc([C@H]2CCCN2N)cc1,0
CNC(Nc1cccc([N+]([O-])=O)c1)=O,0
c1cc2c(cn[nH]2)cc1C=O,0
c1cc2c(c(CC#N)c[nH]2)cc1O,0
c1(C(NN)=O)c(F)c(F)c(F)c(F)c1F,0
Cc1ccc(\C=C\C(NN)=O)s1,0
Cc1ccc(C(NC(NNC(c2ccc(NC(C3CC3)=O)cc2)=O)=S)=O)cc1Br,0
C[C@H](NC(NCc1ccc(C(OC)=O)cc1)=O)c2ccc(NC(Nc3ccccc3)=O)cc2,0
C[C@@H](NC(NCc1ccc(C(OC)=O)cc1)=O)c2ccc(NC(Nc3ccccc3)=O)cc2,0
CCC(Nc1cccc(NCC(Nc2ccc(NC(c3cccc(C)c3)=O)cc2)=O)c1C)=O,0
CCC(Nc1cccc(NCC(Nc2cccc(NC(c3ccccc3)=O)c2)=O)c1C)=O,0
CCC(Nc1cccc(NCC(Nc2ccc(NC(c3cccc(C)c3)=O)cc2)=O)c1)=O,0
Cc1ccc(NC(C(NN\C(\C)=C\C(Nc2ccccc2Br)=O)=O)=O)cc1Cl,0
CC(C(Nc1ccc(NCC(Nc2cccc(NC(c3ccccc3)=O)c2)=O)cc1)=O)C,0
Cc1ccc(NC(C(NN\C(\C)=C\C(Nc2cccc(Cl)c2C)=O)=O)=O)cc1Cl,0
Cc1ccc(NC(C(NN\C(\C)=C\C(Nc2ccc(Cl)c(Cl)c2)=O)=O)=O)cc1Cl,0
CCC(Nc1ccc(NCC(Nc2ccc(NC(c3cccc(C)c3)=O)cc2)=O)cc1)=O,0
Cc1c(NC(C(NN\C(\C)=C\C(NCc2ccc(Cl)cc2)=O)=O)=O)cccc1Cl,0
Cc1cccc(NC(C(NCc2cccc(CNC(C(Nc3cccc(C)c3C)=O)=O)c2)=O)=O)c1C,0
Cc1cccc(C(Nc2ccc(NC(CNc3ccc(NC(C(C)C)=O)cc3)=O)cc2)=O)c1,0
c1ccc([C@@H](NCC(NN)=O)c2cc(Br)ccc2NC(c3ccccc3Cl)=O)cc1,0
c1ccc([C@H](NCC(NN)=O)c2cc(Br)ccc2NC(c3ccccc3Cl)=O)cc1,0
Cc1ccc(CNC(c2ccccc2NC(CNc3cc(CO)ccc3Cl)=O)=O)cc1,0
CN(c1ccc(NC(NCc2cccc(CNC(Nc3ccc(N(C)C)cc3)=O)c2)=O)cc1)C,0
c1ccc(C(Nc2ccc(c3csc(NC(c4ccc(CNC(N)=O)cc4)=O)n3)cc2)=O)cc1,0
Cc1cc(OCC(NC(NNC(Nc2ccccc2)=O)=S)=O)ccc1Br,0
c1ccc([C@@H](NCC(NN)=O)c2cc(Br)ccc2NC(c3ccccc3)=O)cc1,0
c1ccc([C@H](NCC(NN)=O)c2cc(Br)ccc2NC(c3ccccc3)=O)cc1,0
Cc1ccc(NC(NCc2c3c(ccn2)cccc3)=O)cc1NC(NCc4c5c(ccn4)cccc5)=O,0
CCNS(c1ccc(NC(NNC(c2cc(Cl)ccc2Cl)=O)=S)cc1)(=O)=O,0
c1ccc(C(Nc2ccc(C(NNC(NC(c3cccs3)=O)=S)=O)cc2)=O)cc1,0
c1cc(C(NNC(Nc2ccc(Cl)cc2)=O)=O)cc(S(Nc3ccc(Cl)cc3)(=O)=O)c1,0
c1ccc(NS(c2cccs2)(=O)=O)c(C(NNC(N[C@@H]3C[C@@H]4C[C@H]3CC4)=S)=O)c1,0
c1cc(NC(c2ccc(NC(NC3CCCCC3)=S)cc2)=O)cc(S(N)(=O)=O)c1,0
CN(c1ccc(NC(NC[C@H]2CCC[C@H](CNC(Nc3ccc(N(C)C)cc3)=O)C2)=O)cc1)C,0
Cc1c(\C=C(\c2c3ccc(F)c2)/C(=O)N3)[nH]c(C)c1C(NCCNC(OC(C)(C)C)=O)=O,0
CC(C(N[C@@H](NC(=S)Nc1ccc(S(N)(=O)=O)cc1)C(Cl)(Cl)Cl)=O)C,0
c1ccc(NC(CNc2ccc(Cl)c(C(NC3CCCCC3)=O)c2)=O)c(C(N)=O)c1,0
CCC(Nc1cccc(NCC(Nc2ccc(Cl)c(C(NC3CCCCC3)=O)c2)=O)c1)=O,0
CCNC(c1cccc(NCC(Nc2ccc(Cl)c(C(NC3CCCCC3)=O)c2)=O)c1)=O,0
CCn1c2c(c3c1ccc(NC(\C=C(\NNC(C(Nc4cc(C)ccc4C)=O)=O)/C)=O)c3)cccc2,0
CC(Nc1ccc(NC(CNc2ccc(Cl)c(C(NC3CCCCC3)=O)c2)=O)cc1)=O,0
CCC(Nc1cccc(NCC(Nc2ccc(C(NC3CCCCC3)=O)cc2)=O)c1C)=O,0
c1ccc([C@H]2C[C@@H](C(F)F)n3c(N2)c(C(NNC(NC4CCCCC4)=S)=O)cn3)cc1,0
c1ccc([C@@H]2C[C@@H](C(F)F)n3c(N2)c(C(NNC(NC4CCCCC4)=S)=O)cn3)cc1,0
CC(c1ccc(NC(CO\N=C(\N)/c2cccs2)=O)cc1)C,0
CC(c1ccc(NC(CO\N=C(\N)/c2ccsc2)=O)cc1)C,0
CCOc1ccc(C(NNC(\C=C(/C2)\CCCC2)=O)=O)cc1OC,0
Cc1cc(C)cc(OCC(N\N=C(/c2cccc(O)c2)\C)=O)c1,0
c1ccc2c(cccc2OCC(N\N=C\c3cccc(O)c3)=O)c1,0
Cc1c([N+]([O-])=O)cc(C(NCCc2ccc(O)cc2)=O)s1,0
Cc1ccc([N+]([O-])=O)cc1C(NCCc2ccc(O)cc2)=O,0
Cc1c(C(NCCc2ccc(O)cc2)=O)cccc1[N+]([O-])=O,0
Cc1ccc(C(NCCc2ccc(O)cc2)=O)cc1[N+]([O-])=O,0
CC(CCC(NNC(c1cc2c(s1)ccc([N+]([O-])=O)c2)=O)=O)C,0
CC(CCC(NNC(\C=C\c1ccc2c(OCO2)c1)=O)=O)C,0
Cc1cc(C)cc(OCC(N\N=C(\c2ccccc2O)/C)=O)c1,0
c1ccc2c(c1)ccc(OCC(N\N=C\c3ccccc3O)=O)c2,0
c1ccc(OCC(N\N=C\c2c3c(ccc2O)cccc3)=O)cc1,0
Cc1cccc(OCC(N\N=C(/c2cccc(O)c2)\C)=O)c1,0
Cc1ccc(OCC(N\N=C(/c2cccc(O)c2)\C)=O)cc1,0
Cc1ccccc1CCNC(c2ccc([N+]([O-])=O)c(O)c2)=O,0
C\C(\c1ccc(O)cc1)=N/NC(COc2ccc(F)cc2)=O,0
CCOc1cc(\C=N\NC(Cc2cccn2C)=O)ccc1O,0
C\C(\c1ccc(O)cc1)=N/NC(COc2ccc(Cl)cc2)=O,0
C\C(\c1cccc(O)c1)=N\NC(COc2ccc(Cl)cc2)=O,0
Cc1ccc(OCC(N\N=C\c2ccc(C)cc2O)=O)cc1,0
Cc1cccc(OCC(N\N=C\c2ccc(C)cc2O)=O)c1,0
Cc1ccc(OCC(N\N=C\c2ccccc2O)=O)cc1,0
Cc1cccc(\C=N/NC(COc2ccccc2)=O)c1O,0
CC\C(\c1ccc(O)cc1)=N/NC(COc2ccccc2)=O,0
Cc1ccc(C)c(C(NNC(COc2ccc(OC)cc2)=O)=O)c1,0
COc1cc(\C=N/NC(Cc2cccs2)=O)ccc1O,0
C\C(\c1cccc(O)c1)=N\NC(COc2ccccc2Cl)=O,0
c1ccc(C(N\N=C\NOCc2ccc(Cl)cc2)=O)cc1,0
c1ccc([N+]([O-])=O)c(NNC(CCc2cccs2)=O)c1,0
CC\C(\c1ccc(O)cc1)=N/NC(COc2ccc(C)cc2)=O,0
Cc1ccccc1C(NNC([C@H](Oc2ccc(OC)cc2)C)=O)=O,0
Cc1ccccc1C(NNC([C@@H](Oc2ccc(OC)cc2)C)=O)=O,0
CC\C(\[C@H](C(CCC(Nc1ccc(Cl)cc1)=O)=O)C)=N/O,0
CC\C(\[C@@H](C(CCC(Nc1ccc(Cl)cc1)=O)=O)C)=N/O,0
CCc1ccc(OCC(N\N=C(/c2cccc(O)c2)\C)=O)cc1,0
c1ccc(OCCOc2ccc(Cl)cc2C(NN)=O)cc1,0
Cc1cccc(O[C@H](C(NNC(c2ccccc2OC)=O)=O)C)c1,0
CN1C(C(C(CNc2ccccc2N3CCCCC3)=O)=C(N)N(Cc4ccccc4)C1=O)=O,0
c1ccc(NC2=N[C@H](C(Nc3ccc4c(OCO4)c3)=O)CC(N2c5ccccc5)=O)cc1,0
CCCN1C(N)=C(C(CSc2nc3c(CCCC3)n2c4ccccc4)=O)C(NC1=O)=O,0
Cc1ccccc1\C=N\n2c(N)c(C(NCCOC)=O)c3c2nc4c(n3)cccc4,0
CCCCN1C(N)=C(N(C(c2ccc3c(C[C@@H](c4ccccc4)OC3=O)c2)=O)C)C(NC1=O)=O,0
COc1ccccc1c2ccc(N3CCC[C@H](C(Nc4ccccc4C(N)=O)=O)C3)nn2,0
COc1ccccc1c2ccc(N3CCC[C@@H](C(Nc4ccccc4C(N)=O)=O)C3)nn2,0
c1ccc2c(C(NC(SCC(Nc3cc(Cl)ccc3N4CCOCC4)=O)=N2)=O)c1,0
c1ccc2c(C(NC(SCC(Nc3cccc(Cl)c3N4CCOCC4)=O)=N2)=O)c1,0
CCCCN1C(N)=C(N(C(CN2CCCSc3c2cccc3)=O)C4CCCC4)C(NC1=O)=O,0
CCN1C(c2c(N=C1SCC(Nc3ccc4c(OCO4)c3)=O)c(c5ccccc5)c[nH]2)=O,0
c1ccc(CN2C(N)=C(N(C(\C=C\c3ccc4c(OCO4)c3)=O)C5CCCC5)C(NC2=O)=O)cc1,0
c1ccc(Oc2cccc([C@@H]3CC(N(CC(Nc4ccc5c(OCO5)c4)=O)C(N3)=O)=O)c2)cc1,0
c1ccc(Oc2cccc([C@H]3CC(N(CC(Nc4ccc5c(OCO5)c4)=O)C(N3)=O)=O)c2)cc1,0
c1ccc(NC(CSCC2=CC(N3C(=N2)SC=C3)=O)=O)c(c4[nH]c5c(n4)cccc5)c1,0
CCCCC1CCC(c2nc(C#N)c(N3CCC(C(NC4=CNC=CC4=O)=O)CC3)o2)CC1,0
CC(N1CCN(c2ccc(NC(NC(c3ccc(OC)c(OC)c3)=O)=S)cc2)CC1)=O,0
CCN1C(c2c(N=C1SCC(Nc3ccc4c(OCCO4)c3)=O)c(c5ccccc5)c[nH]2)=O,0
COC(c1ccc(NC(CN2c3c(C(NC4CCCC4)=NC2=O)cccc3)=O)cc1)=O,0
COC(c1ccccc1NC(CN2c3c(C(NC4CCCC4)=NC2=O)cccc3)=O)=O,0
CC(N1CCN(c2ccc(NC(NC(c3ccc4c(OCCO4)c3)=O)=S)cc2Cl)CC1)=O,0
C[C@H]1CN([C@H](c2c(F)cccc2Cl)CNC(c3ccc(n4c(N)c(C#N)cn4)cc3)=O)CCO1,0
C[C@@H]1CN([C@H](c2c(F)cccc2Cl)CNC(c3ccc(n4c(N)c(C#N)cn4)cc3)=O)CCO1,0
CCOC(C1=C(CN2CCc3c2cccc3)NC(N[C@H]1c4ccc5c(OCO5)c4)=O)=O,0
CCOC(C1=C(CN2CCc3c2cccc3)NC(N[C@@H]1c4ccc5c(OCO5)c4)=O)=O,0
C[C@@H]1CN(c2cc(Cl)nc(SCC(NCc3ccccc3)=O)n2)CCN1C(NC(C)C)=O,0
C[C@H]1CN(c2cc(Cl)nc(SCC(NCc3ccccc3)=O)n2)CCN1C(NC(C)C)=O,0
COC(c1ccc(N2CCCC2)c(NC(N3CCN(c4ccccc4O)CC3)=O)c1)=O,0
C[C@H](NC([C@@H]1Cc2c(CN1C(OC(C)(C)C)=O)cccc2)=O)C(Nc3ccc4c(OCCO4)c3)=O,0
C=CCN1C(c2c(N=C1SCC(Nc3ccc4c(OCO4)c3)=O)c5c([nH]2)cccc5)=O,0
COc1cc(NC(NCC2CCN(c3nc4c(o3)cccc4)CC2)=O)cc(OC)c1OC,0
COc1ccc(CCN2CC3=C(NC2)N(c4ccccc4Cl)C(=O)NC3=O)cc1OC,0
Cc1c(N2C3=C(CN(CCc4ccc(OC)c(OC)c4)CN3)C(NC2=O)=O)cccc1Cl,0
Cn1c(C(OC)=O)c(NC(c2ccc(OC)cc2)=O)c3c1ncc(NC4CCC4)c3,0
COc1ccc(NC(Cc2ccc(NC(N3CCSc4c3cccn4)=O)cc2)=O)cc1OC,0
CC[NH+](CCN(c1ccc(N\C=C(/C2=O)\C(=O)N(CCC3=CCCCC3)C([S-])=N2)cc1)C4)C4,0
COC([C@H](\N=C\[C@@H]1C(NC(N(c2ccc(Cl)cc2)C1=O)=O)=O)Cc3c[nH]c4c3cccc4)=O,0
COc1cc(NC(Nc2cccc(c3ccc(N4CCCC4)nn3)c2)=O)cc(OC)c1,0
CCCNC(c1ccccc1N\C=C(/c2c3cccc2)\C(=O)N(c4ccc5c(OCO5)c4)C3=O)=O,0
